snapshot_date,snapshot_block,token_a,token_b,link_name,metric,observed,p01,p05,p10,p25,p50,p75,p90,p95,p99,p_value,n_iter
2021-01-15,11659570,0x0bc529c00c6401aef6d220be8c6ea1667f6ad93e,0xba100000625a3754423978a60c9317c58a424e3d,YFI-BAL,avg_token_holding_share,0.16709449887275696,0.018566714599728584,0.025083202868700027,0.029446829110383987,0.0388917401432991,0.055743034929037094,0.085660919547081,0.11297851800918579,0.13126347959041595,0.167012020945549,0.01,10000
2021-01-15,11659570,0x0bc529c00c6401aef6d220be8c6ea1667f6ad93e,0xba100000625a3754423978a60c9317c58a424e3d,YFI-BAL,dir_share_token_a,0.31048327684402466,0.01566990651190281,0.021806402131915092,0.026101937517523766,0.036835670471191406,0.05575428158044815,0.08613583445549011,0.1370123028755188,0.16025760769844055,0.21068114042282104,0.0001,10000
2021-01-15,11659570,0x0bc529c00c6401aef6d220be8c6ea1667f6ad93e,0xba100000625a3754423978a60c9317c58a424e3d,YFI-BAL,median_token_value_usd,537.9310913085938,250.4917755126953,267.0335388183594,276.8739318847656,292.75250244140625,305.225830078125,322.8940734863281,338.04510498046875,348.69140625,368.3826599121094,0.0,10000
2021-01-15,11659570,0x111111111117dc0aa78b770fa6a738034120c302,0xba100000625a3754423978a60c9317c58a424e3d,1INCH-BAL,median_token_value_usd,555.0711059570312,285.8961181640625,308.5799560546875,321.0493469238281,343.4888000488281,367.7776794433594,391.9693908691406,407.0114440917969,415.826171875,440.0030212402344,0.0,10000
2021-01-15,11659570,0x7fc66500c84a76ad7e9c93437bfc5ac33e2ddae9,0xba100000625a3754423978a60c9317c58a424e3d,AAVE-BAL,median_token_value_usd,1270.8958740234375,676.7700805664062,705.7847290039062,723.6450805664062,755.8697509765625,796.4652099609375,818.3353881835938,832.6927490234375,846.3558959960938,880.8009033203125,0.0,10000
2021-01-15,11659570,0xba100000625a3754423978a60c9317c58a424e3d,0xd533a949740bb3306d119cc777fa900ba034cd52,BAL-CRV,median_token_value_usd,255.1079559326172,123.5095443725586,131.5122833251953,136.2467041015625,144.4377899169922,154.06399536132812,163.9080810546875,173.1134490966797,178.0489959716797,188.6853790283203,0.0,10000
2021-01-15,11659570,0x0bc529c00c6401aef6d220be8c6ea1667f6ad93e,0x111111111117dc0aa78b770fa6a738034120c302,YFI-1INCH,dir_share_token_a,0.19973072409629822,0.009853186085820198,0.013888800516724586,0.01709735579788685,0.02481103129684925,0.039903778582811356,0.06568803638219833,0.11208338290452957,0.1416817456483841,0.19060909748077393,0.0077,10000
2021-01-15,11659570,0x0bc529c00c6401aef6d220be8c6ea1667f6ad93e,0x111111111117dc0aa78b770fa6a738034120c302,YFI-1INCH,median_token_value_usd,1116.39111328125,685.9700927734375,737.7122192382812,766.6798706054688,809.990234375,818.504638671875,827.0123291015625,835.2403564453125,840.85693359375,851.181640625,0.0,10000
2021-01-15,11659570,0x0bc529c00c6401aef6d220be8c6ea1667f6ad93e,0x6b3595068778dd592e39a122f4f5a5cf09c90fe2,YFI-SUSHI,dir_share_token_a,0.19224262237548828,0.0174647718667984,0.023657066747546196,0.02864215336740017,0.039861150085926056,0.05950675159692764,0.09180065989494324,0.14198434352874756,0.16932176053524017,0.2252563238143921,0.0245,10000
2021-01-15,11659570,0x0bc529c00c6401aef6d220be8c6ea1667f6ad93e,0x6b3595068778dd592e39a122f4f5a5cf09c90fe2,YFI-SUSHI,median_token_value_usd,926.7644653320312,458.4980163574219,482.8266296386719,496.9425964355469,520.3111572265625,545.9840698242188,573.9442138671875,600.0294189453125,613.4771118164062,639.5152587890625,0.0,10000
2021-01-15,11659570,0x0bc529c00c6401aef6d220be8c6ea1667f6ad93e,0x7fc66500c84a76ad7e9c93437bfc5ac33e2ddae9,YFI-AAVE,avg_token_holding_share,0.3514842391014099,0.016064804047346115,0.021237153559923172,0.02493876777589321,0.03424008563160896,0.0522196963429451,0.09699083864688873,0.139588862657547,0.16325080394744873,0.22279490530490875,0.0,10000
2021-01-15,11659570,0x0bc529c00c6401aef6d220be8c6ea1667f6ad93e,0x7fc66500c84a76ad7e9c93437bfc5ac33e2ddae9,YFI-AAVE,dir_share_token_a,0.3302214443683624,0.0197558905929327,0.026498790830373764,0.03215336799621582,0.045615896582603455,0.06660041958093643,0.10315375030040741,0.15158265829086304,0.1776149570941925,0.2276798039674759,0.0003,10000
2021-01-15,11659570,0x0bc529c00c6401aef6d220be8c6ea1667f6ad93e,0x7fc66500c84a76ad7e9c93437bfc5ac33e2ddae9,YFI-AAVE,dir_share_token_b,0.3727470338344574,0.0047775981947779655,0.0063438112847507,0.007607705891132355,0.011042345315217972,0.018311701714992523,0.06200758367776871,0.20469246804714203,0.216916024684906,0.3488171398639679,0.0092,10000
2021-01-15,11659570,0x0bc529c00c6401aef6d220be8c6ea1667f6ad93e,0x7fc66500c84a76ad7e9c93437bfc5ac33e2ddae9,YFI-AAVE,median_token_value_usd,1952.9033203125,1226.5587158203125,1283.58642578125,1312.6512451171875,1361.3914794921875,1425.517333984375,1489.9566650390625,1546.111572265625,1581.9527587890625,1644.077392578125,0.0,10000
2021-01-15,11659570,0x0bc529c00c6401aef6d220be8c6ea1667f6ad93e,0xd533a949740bb3306d119cc777fa900ba034cd52,YFI-CRV,dir_share_token_a,0.21619978547096252,0.00795061606913805,0.011654788628220558,0.014209045097231865,0.021038711071014404,0.03440064936876297,0.05652835592627525,0.0998530164361,0.13172490894794464,0.17595933377742767,0.003,10000
2021-01-15,11659570,0x0bc529c00c6401aef6d220be8c6ea1667f6ad93e,0xd533a949740bb3306d119cc777fa900ba034cd52,YFI-CRV,median_token_value_usd,886.8832397460938,350.79461669921875,371.79754638671875,385.2352600097656,408.1245422363281,438.16680908203125,465.9839782714844,494.95416259765625,511.3442687988281,544.7640380859375,0.0,10000
2021-01-15,11659570,0x0bc529c00c6401aef6d220be8c6ea1667f6ad93e,0x5a98fcbea516cf06857215779fd812ca3bef1b32,YFI-LDO,median_token_value_usd,2594.0439453125,466.2328796386719,588.5346069335938,655.2796630859375,826.3826904296875,1060.6702880859375,1351.6790771484375,1731.9012451171875,2001.0762939453125,2680.172119140625,0.0132,10000
2021-01-15,11659570,0x111111111117dc0aa78b770fa6a738034120c302,0x6b3595068778dd592e39a122f4f5a5cf09c90fe2,1INCH-SUSHI,median_token_value_usd,756.9192504882812,516.51318359375,545.6071166992188,562.7706298828125,590.8359375,627.345703125,654.4654541015625,682.0288696289062,703.0296020507812,743.0060424804688,0.0055,10000
2021-01-15,11659570,0x111111111117dc0aa78b770fa6a738034120c302,0xd533a949740bb3306d119cc777fa900ba034cd52,1INCH-CRV,median_token_value_usd,685.0504150390625,401.8545837402344,427.3131408691406,443.4825439453125,470.58966064453125,507.52581787109375,543.8589477539062,577.3889770507812,598.6561279296875,645.6517333984375,0.0018,10000
2021-01-15,11659570,0x111111111117dc0aa78b770fa6a738034120c302,0x5a98fcbea516cf06857215779fd812ca3bef1b32,1INCH-LDO,gini_token_holding_share,0.9766854703520088,0.698725163936615,0.8918129205703735,0.9145271182060242,0.9386478066444397,0.9553078413009644,0.9666892290115356,0.9726893901824951,0.9749759435653687,0.9780654311180115,0.0244,10000
2021-01-15,11659570,0x7fc66500c84a76ad7e9c93437bfc5ac33e2ddae9,0xd533a949740bb3306d119cc777fa900ba034cd52,AAVE-CRV,median_token_value_usd,1719.1162109375,829.447021484375,867.1364135742188,887.3803100585938,926.9376220703125,972.8134155273438,1014.1318969726562,1057.76171875,1086.835205078125,1145.4046630859375,0.0,10000
2021-02-15,11861210,0x111111111117dc0aa78b770fa6a738034120c302,0x6b3595068778dd592e39a122f4f5a5cf09c90fe2,1INCH-SUSHI,median_token_value_usd,1689.5771484375,1299.6435546875,1332.9287109375,1349.665771484375,1379.4013671875,1412.2257080078125,1449.4930419921875,1479.9375,1493.313232421875,1531.01513671875,0.0,10000
2021-02-15,11861210,0x111111111117dc0aa78b770fa6a738034120c302,0xba100000625a3754423978a60c9317c58a424e3d,1INCH-BAL,median_token_value_usd,1095.189208984375,934.5844116210938,955.3877563476562,962.6137084960938,979.3715209960938,993.5401611328125,1010.5816650390625,1029.6875,1043.71044921875,1065.952880859375,0.001,10000
2021-02-15,11861210,0x111111111117dc0aa78b770fa6a738034120c302,0xd533a949740bb3306d119cc777fa900ba034cd52,1INCH-CRV,median_token_value_usd,1381.9805908203125,1072.551513671875,1094.9515380859375,1110.844970703125,1134.8809814453125,1165.531494140625,1197.754150390625,1229.3929443359375,1245.1253662109375,1280.8255615234375,0.0,10000
2021-02-15,11861210,0x0bc529c00c6401aef6d220be8c6ea1667f6ad93e,0x6b3595068778dd592e39a122f4f5a5cf09c90fe2,YFI-SUSHI,median_token_value_usd,1411.6318359375,860.7393798828125,889.8756713867188,909.9618530273438,944.1008911132812,984.4404296875,1025.800048828125,1064.2008056640625,1087.5191650390625,1133.2275390625,0.0,10000
2021-02-15,11861210,0x0bc529c00c6401aef6d220be8c6ea1667f6ad93e,0xba100000625a3754423978a60c9317c58a424e3d,YFI-BAL,avg_token_holding_share,0.15745507180690765,0.014206403866410255,0.019444908946752548,0.02298532798886299,0.030814088881015778,0.04798595607280731,0.07750453054904938,0.10503695905208588,0.12402529269456863,0.1636137217283249,0.0137,10000
2021-02-15,11861210,0x0bc529c00c6401aef6d220be8c6ea1667f6ad93e,0xba100000625a3754423978a60c9317c58a424e3d,YFI-BAL,dir_share_token_a,0.27829524874687195,0.01062675192952156,0.014678606763482094,0.017174547538161278,0.02410300076007843,0.040090132504701614,0.07914954423904419,0.1248340830206871,0.1663765162229538,0.22545063495635986,0.0014,10000
2021-02-15,11861210,0x0bc529c00c6401aef6d220be8c6ea1667f6ad93e,0xba100000625a3754423978a60c9317c58a424e3d,YFI-BAL,median_token_value_usd,1084.1334228515625,452.52874755859375,477.356201171875,491.9419860839844,517.3673095703125,547.5726318359375,578.5438232421875,604.5906372070312,621.5670166015625,654.47705078125,0.0,10000
2021-02-15,11861210,0xba100000625a3754423978a60c9317c58a424e3d,0xd533a949740bb3306d119cc777fa900ba034cd52,BAL-CRV,median_token_value_usd,788.7557373046875,365.33770751953125,387.8146667480469,399.32342529296875,416.5916748046875,436.89520263671875,460.70172119140625,482.7954406738281,498.39312744140625,528.2055053710938,0.0,10000
2021-02-15,11861210,0x0bc529c00c6401aef6d220be8c6ea1667f6ad93e,0xd533a949740bb3306d119cc777fa900ba034cd52,YFI-CRV,dir_share_token_a,0.17717796564102173,0.007492240983992815,0.010491516441106796,0.012589638121426105,0.017916925251483917,0.030611153692007065,0.0617869570851326,0.10654067248106003,0.15422795712947845,0.20972689986228943,0.0209,10000
2021-02-15,11861210,0x0bc529c00c6401aef6d220be8c6ea1667f6ad93e,0xd533a949740bb3306d119cc777fa900ba034cd52,YFI-CRV,median_token_value_usd,1515.990234375,618.0512084960938,654.7373657226562,673.244384765625,704.57861328125,740.766845703125,780.2345581054688,811.7921142578125,829.3079833984375,867.6522216796875,0.0,10000
2021-02-15,11861210,0x0bc529c00c6401aef6d220be8c6ea1667f6ad93e,0x7fc66500c84a76ad7e9c93437bfc5ac33e2ddae9,YFI-AAVE,avg_token_holding_share,0.2545405626296997,0.024048933759331703,0.030350815504789352,0.035607047379016876,0.04963390529155731,0.07537489384412766,0.11435478925704956,0.15807507932186127,0.1845753788948059,0.23656286299228668,0.0062,10000
2021-02-15,11861210,0x0bc529c00c6401aef6d220be8c6ea1667f6ad93e,0x7fc66500c84a76ad7e9c93437bfc5ac33e2ddae9,YFI-AAVE,dir_share_token_a,0.2778433859348297,0.03171811252832413,0.04162856191396713,0.04851463437080383,0.06626136600971222,0.10462895780801773,0.15629668533802032,0.21705065667629242,0.25398340821266174,0.31850212812423706,0.0328,10000
2021-02-15,11861210,0x0bc529c00c6401aef6d220be8c6ea1667f6ad93e,0x7fc66500c84a76ad7e9c93437bfc5ac33e2ddae9,YFI-AAVE,dir_share_token_b,0.2312377691268921,0.005513773765414953,0.007641952950507402,0.009108684957027435,0.013212092220783234,0.021450160071253777,0.07307539880275726,0.19516801834106445,0.23060688376426697,0.29712721705436707,0.0484,10000
2021-02-15,11861210,0x0bc529c00c6401aef6d220be8c6ea1667f6ad93e,0x7fc66500c84a76ad7e9c93437bfc5ac33e2ddae9,YFI-AAVE,median_token_value_usd,3200.746337890625,1624.2572021484375,1674.80419921875,1706.3861083984375,1758.069580078125,1809.717041015625,1855.0130615234375,1905.0096435546875,1935.3931884765625,1996.8365478515625,0.0,10000
2021-03-15,12043054,0x111111111117dc0aa78b770fa6a738034120c302,0x6b3595068778dd592e39a122f4f5a5cf09c90fe2,1INCH-SUSHI,median_token_value_usd,1003.4521484375,791.2264404296875,804.5634765625,814.1227416992188,828.6204833984375,844.7340698242188,863.733154296875,881.0137939453125,890.3598022460938,911.597412109375,0.0,10000
2021-03-15,12043054,0x111111111117dc0aa78b770fa6a738034120c302,0xd533a949740bb3306d119cc777fa900ba034cd52,1INCH-CRV,median_token_value_usd,955.09228515625,739.116455078125,756.1427001953125,765.14697265625,780.3168334960938,793.88720703125,811.4559326171875,827.6353759765625,837.9337158203125,856.2798461914062,0.0,10000
2021-03-15,12043054,0x111111111117dc0aa78b770fa6a738034120c302,0xba100000625a3754423978a60c9317c58a424e3d,1INCH-BAL,median_token_value_usd,787.0870971679688,641.0119018554688,651.1380004882812,655.0995483398438,667.8475341796875,681.2639770507812,694.211181640625,706.42578125,711.8595581054688,726.3352661132812,0.0,10000
2021-03-15,12043054,0x6b3595068778dd592e39a122f4f5a5cf09c90fe2,0xd533a949740bb3306d119cc777fa900ba034cd52,SUSHI-CRV,median_token_value_usd,639.2730102539062,455.7467041015625,474.2554931640625,486.1955871582031,504.7586669921875,526.6465454101562,549.5516967773438,568.8378295898438,581.7189331054688,604.5462036132812,0.0007,10000
2021-03-15,12043054,0x0bc529c00c6401aef6d220be8c6ea1667f6ad93e,0xd533a949740bb3306d119cc777fa900ba034cd52,YFI-CRV,dir_share_token_a,0.16379952430725098,0.00824033934623003,0.012100583873689175,0.01466372236609459,0.021203622221946716,0.03547108918428421,0.05960996448993683,0.10233136266469955,0.1241268739104271,0.16436821222305298,0.0103,10000
2021-03-15,12043054,0x0bc529c00c6401aef6d220be8c6ea1667f6ad93e,0xd533a949740bb3306d119cc777fa900ba034cd52,YFI-CRV,median_token_value_usd,1106.3704833984375,460.9992370605469,481.60107421875,494.4150085449219,514.87255859375,539.5059814453125,563.0869140625,586.2103881835938,600.935546875,633.4019165039062,0.0,10000
2021-03-15,12043054,0xba100000625a3754423978a60c9317c58a424e3d,0xd533a949740bb3306d119cc777fa900ba034cd52,BAL-CRV,median_token_value_usd,761.2239379882812,294.5041809082031,312.691162109375,321.55828857421875,334.4302978515625,351.59423828125,369.766845703125,386.7551574707031,397.80633544921875,418.41156005859375,0.0,10000
2021-03-15,12043054,0x0bc529c00c6401aef6d220be8c6ea1667f6ad93e,0xba100000625a3754423978a60c9317c58a424e3d,YFI-BAL,avg_token_holding_share,0.12464000284671783,0.016796397045254707,0.022505445405840874,0.026338951662182808,0.03493151441216469,0.05077638104557991,0.07806798815727234,0.10380785167217255,0.12148414552211761,0.15738579630851746,0.0441,10000
2021-03-15,12043054,0x0bc529c00c6401aef6d220be8c6ea1667f6ad93e,0xba100000625a3754423978a60c9317c58a424e3d,YFI-BAL,dir_share_token_a,0.20606476068496704,0.011892189271748066,0.01670277677476406,0.02043338306248188,0.029385823756456375,0.04581204801797867,0.07622826099395752,0.12016459554433823,0.14088359475135803,0.19458293914794922,0.0067,10000
2021-03-15,12043054,0x0bc529c00c6401aef6d220be8c6ea1667f6ad93e,0x7fc66500c84a76ad7e9c93437bfc5ac33e2ddae9,YFI-AAVE,avg_token_holding_share,0.21123644709587097,0.029993446543812752,0.038443583995103836,0.04419392719864845,0.05826985836029053,0.08326316624879837,0.11858883500099182,0.15915615856647491,0.18683582544326782,0.23764801025390625,0.0236,10000
2021-03-15,12043054,0x0bc529c00c6401aef6d220be8c6ea1667f6ad93e,0x7fc66500c84a76ad7e9c93437bfc5ac33e2ddae9,YFI-AAVE,dir_share_token_a,0.24580052495002747,0.039998747408390045,0.05383041501045227,0.06294482946395874,0.08285349607467651,0.11662719398736954,0.16498719155788422,0.20854079723358154,0.23750586807727814,0.29224348068237305,0.0403,10000
2021-03-15,12043054,0x0bc529c00c6401aef6d220be8c6ea1667f6ad93e,0x7fc66500c84a76ad7e9c93437bfc5ac33e2ddae9,YFI-AAVE,median_token_value_usd,2131.234130859375,1169.43359375,1202.5181884765625,1220.375732421875,1249.05517578125,1282.114013671875,1318.4541015625,1353.5914306640625,1373.9534912109375,1410.2362060546875,0.0,10000
2021-04-15,12244515,0x6f40d4a6237c257fff2db00fa0510deeecd303eb,0x9f8f72aa9304c8b593d555f12ef6589cc3a579a2,INST-MKR,avg_token_holding_share,0.5000000596046448,0.0,0.0,0.0,0.0,0.0,0.0,0.5,0.5,0.5000005960464478,0.0384,10000
2021-04-15,12244515,0x6f40d4a6237c257fff2db00fa0510deeecd303eb,0x9f8f72aa9304c8b593d555f12ef6589cc3a579a2,INST-MKR,dir_share_token_b,7.603870955108505e-08,0.0,0.0,0.0,0.0,0.0,0.0,1.0128025085265335e-09,1.0824508400730792e-08,1.1953089824601193e-06,0.0373,10000
2021-04-15,12244515,0x6f40d4a6237c257fff2db00fa0510deeecd303eb,0x9f8f72aa9304c8b593d555f12ef6589cc3a579a2,INST-MKR,median_token_value_usd,,,,,,,,,,,0.0,10000
2021-04-15,12244515,0x6f40d4a6237c257fff2db00fa0510deeecd303eb,0xc00e94cb662c3520282e6f5717214004a7f26888,INST-COMP,avg_token_holding_share,0.5000002384185791,0.0,0.0,0.0,0.0,0.0,0.5,0.5,0.5,0.5000001192092896,0.0074,10000
2021-04-15,12244515,0x6f40d4a6237c257fff2db00fa0510deeecd303eb,0xc00e94cb662c3520282e6f5717214004a7f26888,INST-COMP,dir_share_token_b,4.729475335807365e-07,0.0,0.0,0.0,0.0,0.0,2.791099990018253e-11,5.955705262294941e-09,1.4526967184735895e-08,2.7901236876459734e-07,0.007,10000
2021-04-15,12244515,0x6f40d4a6237c257fff2db00fa0510deeecd303eb,0xc00e94cb662c3520282e6f5717214004a7f26888,INST-COMP,median_token_value_usd,,,,,,,,,,,0.0,10000
2021-04-15,12244515,0x1f9840a85d5af5bf1d1762f925bdaddc4201f984,0x6f40d4a6237c257fff2db00fa0510deeecd303eb,UNI-INST,median_token_value_usd,,,,,,,,,,,0.0,10000
2021-04-15,12244515,0x111111111117dc0aa78b770fa6a738034120c302,0x6f40d4a6237c257fff2db00fa0510deeecd303eb,1INCH-INST,median_token_value_usd,,,,,,,,,,,0.0,10000
2021-04-15,12244515,0x6b3595068778dd592e39a122f4f5a5cf09c90fe2,0x6f40d4a6237c257fff2db00fa0510deeecd303eb,SUSHI-INST,dir_share_token_a,1.2701083740296326e-08,0.0,0.0,0.0,0.0,0.0,0.0,0.0,4.6697845590415454e-09,5.140177563589532e-07,0.0422,10000
2021-04-15,12244515,0x6b3595068778dd592e39a122f4f5a5cf09c90fe2,0x6f40d4a6237c257fff2db00fa0510deeecd303eb,SUSHI-INST,median_token_value_usd,,,,,,,,,,,0.0,10000
2021-04-15,12244515,0x0bc529c00c6401aef6d220be8c6ea1667f6ad93e,0x6f40d4a6237c257fff2db00fa0510deeecd303eb,YFI-INST,avg_token_holding_share,0.5000011920928955,0.0,0.0,0.0,0.0,0.0,0.0,0.0,0.5,0.5000008344650269,0.0091,10000
2021-04-15,12244515,0x0bc529c00c6401aef6d220be8c6ea1667f6ad93e,0x6f40d4a6237c257fff2db00fa0510deeecd303eb,YFI-INST,dir_share_token_a,2.380386604272644e-06,0.0,0.0,0.0,0.0,0.0,0.0,0.0,3.265060222190641e-09,1.6391695680795237e-06,0.0091,10000
2021-04-15,12244515,0x0bc529c00c6401aef6d220be8c6ea1667f6ad93e,0x6f40d4a6237c257fff2db00fa0510deeecd303eb,YFI-INST,median_token_value_usd,,,,,,,,,,,0.0,10000
2021-04-15,12244515,0x6f40d4a6237c257fff2db00fa0510deeecd303eb,0x7fc66500c84a76ad7e9c93437bfc5ac33e2ddae9,INST-AAVE,avg_token_holding_share,0.5000002384185791,0.0,0.0,0.0,0.0,0.0,0.0,0.5,0.5000000596046448,0.5000008344650269,0.0267,10000
2021-04-15,12244515,0x6f40d4a6237c257fff2db00fa0510deeecd303eb,0x7fc66500c84a76ad7e9c93437bfc5ac33e2ddae9,INST-AAVE,dir_share_token_b,4.719437640687829e-07,0.0,0.0,0.0,0.0,0.0,0.0,6.249999962015806e-10,1.1148481604550398e-07,1.6699418665666599e-06,0.0253,10000
2021-04-15,12244515,0x6f40d4a6237c257fff2db00fa0510deeecd303eb,0x7fc66500c84a76ad7e9c93437bfc5ac33e2ddae9,INST-AAVE,median_token_value_usd,,,,,,,,,,,0.0,10000
2021-04-15,12244515,0x111111111117dc0aa78b770fa6a738034120c302,0x6b3595068778dd592e39a122f4f5a5cf09c90fe2,1INCH-SUSHI,median_token_value_usd,1033.584716796875,786.9544677734375,810.4118041992188,824.5442504882812,849.6927490234375,875.7599487304688,901.9133911132812,914.531494140625,921.930419921875,935.2699584960938,0.0,10000
2021-04-15,12244515,0x111111111117dc0aa78b770fa6a738034120c302,0xd533a949740bb3306d119cc777fa900ba034cd52,1INCH-CRV,dir_share_token_a,0.04305039346218109,0.0007118498324416578,0.0009045905317179859,0.001046667923219502,0.0014059942914173007,0.0026033506728708744,0.006728008855134249,0.02392779476940632,0.03505892679095268,0.8966895937919617,0.0496,10000
2021-04-15,12244515,0x111111111117dc0aa78b770fa6a738034120c302,0xd533a949740bb3306d119cc777fa900ba034cd52,1INCH-CRV,median_token_value_usd,1286.61767578125,964.3762817382812,984.493408203125,996.80615234375,1013.1784057617188,1034.7108154296875,1056.298095703125,1076.4407958984375,1086.3394775390625,1109.559814453125,0.0,10000
2021-04-15,12244515,0x111111111117dc0aa78b770fa6a738034120c302,0xba100000625a3754423978a60c9317c58a424e3d,1INCH-BAL,median_token_value_usd,914.95751953125,668.153076171875,687.4979248046875,699.4398193359375,720.7046508789062,745.5347290039062,771.9068603515625,795.3013916015625,809.8302001953125,840.0393676757812,0.0,10000
2021-04-15,12244515,0x0bc529c00c6401aef6d220be8c6ea1667f6ad93e,0x6b3595068778dd592e39a122f4f5a5cf09c90fe2,YFI-SUSHI,dir_share_token_a,0.22547364234924316,0.016634542495012283,0.02397775650024414,0.02881593443453312,0.040491703897714615,0.060691624879837036,0.09358540922403336,0.14519938826560974,0.21018876135349274,0.2673950493335724,0.0356,10000
2021-04-15,12244515,0x0bc529c00c6401aef6d220be8c6ea1667f6ad93e,0xd533a949740bb3306d119cc777fa900ba034cd52,YFI-CRV,dir_share_token_a,0.20380450785160065,0.008056364953517914,0.011769993230700493,0.014638707973062992,0.021810971200466156,0.03501414135098457,0.06104082241654396,0.09435573220252991,0.17260770499706268,0.22977329790592194,0.0226,10000
2021-04-15,12244515,0x0bc529c00c6401aef6d220be8c6ea1667f6ad93e,0xd533a949740bb3306d119cc777fa900ba034cd52,YFI-CRV,median_token_value_usd,1649.3541259765625,678.0884399414062,704.500244140625,721.102294921875,748.8519287109375,780.892822265625,807.8989868164062,836.47021484375,854.8622436523438,895.0107421875,0.0,10000
2021-04-15,12244515,0xba100000625a3754423978a60c9317c58a424e3d,0xd533a949740bb3306d119cc777fa900ba034cd52,BAL-CRV,median_token_value_usd,972.1949462890625,426.3253173828125,446.14990234375,457.6645812988281,478.7177734375,501.982421875,526.634033203125,550.8820190429688,565.8798217773438,592.2150268554688,0.0,10000
2021-04-15,12244515,0x0bc529c00c6401aef6d220be8c6ea1667f6ad93e,0xba100000625a3754423978a60c9317c58a424e3d,YFI-BAL,dir_share_token_a,0.21000395715236664,0.011103913187980652,0.016093147918581963,0.019834736362099648,0.028322134166955948,0.044424958527088165,0.07323004305362701,0.11319217830896378,0.19051344692707062,0.24661679565906525,0.0302,10000
2021-04-15,12244515,0x0bc529c00c6401aef6d220be8c6ea1667f6ad93e,0x7fc66500c84a76ad7e9c93437bfc5ac33e2ddae9,YFI-AAVE,avg_token_holding_share,0.22591498494148254,0.028911130502820015,0.03637250140309334,0.0416678860783577,0.05499223619699478,0.07833895832300186,0.12366033345460892,0.16118723154067993,0.18344220519065857,0.24297131597995758,0.0166,10000
2021-04-15,12244515,0x0bc529c00c6401aef6d220be8c6ea1667f6ad93e,0x7fc66500c84a76ad7e9c93437bfc5ac33e2ddae9,YFI-AAVE,dir_share_token_a,0.27309414744377136,0.03688736632466316,0.04878366366028786,0.056605447083711624,0.07511232793331146,0.10492634773254395,0.14817163348197937,0.2340804785490036,0.27177056670188904,0.3311992287635803,0.0484,10000
2021-04-15,12244515,0x0bc529c00c6401aef6d220be8c6ea1667f6ad93e,0x7fc66500c84a76ad7e9c93437bfc5ac33e2ddae9,YFI-AAVE,median_token_value_usd,2493.7939453125,1319.5079345703125,1357.7386474609375,1376.9810791015625,1404.09375,1433.823974609375,1467.4794921875,1501.72119140625,1521.1385498046875,1564.1806640625,0.0,10000
2021-05-15,12438842,0x6f40d4a6237c257fff2db00fa0510deeecd303eb,0x9f8f72aa9304c8b593d555f12ef6589cc3a579a2,INST-MKR,avg_token_holding_share,0.5000000596046448,0.0,0.0,0.0,0.0,0.0,0.0,0.5,0.5,0.500000536441803,0.0351,10000
2021-05-15,12438842,0x6f40d4a6237c257fff2db00fa0510deeecd303eb,0x9f8f72aa9304c8b593d555f12ef6589cc3a579a2,INST-MKR,dir_share_token_b,7.603870955108505e-08,0.0,0.0,0.0,0.0,0.0,0.0,7.214449593284655e-10,1.0622472679244765e-08,1.0376292038927204e-06,0.0334,10000
2021-05-15,12438842,0x6f40d4a6237c257fff2db00fa0510deeecd303eb,0x9f8f72aa9304c8b593d555f12ef6589cc3a579a2,INST-MKR,median_token_value_usd,,,,,,,,,,,0.0,10000
2021-05-15,12438842,0x6f40d4a6237c257fff2db00fa0510deeecd303eb,0xc00e94cb662c3520282e6f5717214004a7f26888,INST-COMP,avg_token_holding_share,0.5000002384185791,0.0,0.0,0.0,0.0,0.0,0.5,0.5,0.5,0.5000001788139343,0.009,10000
2021-05-15,12438842,0x6f40d4a6237c257fff2db00fa0510deeecd303eb,0xc00e94cb662c3520282e6f5717214004a7f26888,INST-COMP,dir_share_token_b,4.737938184007362e-07,0.0,0.0,0.0,0.0,0.0,1.029202439419008e-12,5.262617897017208e-09,1.5045769075072712e-08,3.567383828340098e-07,0.0083,10000
2021-05-15,12438842,0x6f40d4a6237c257fff2db00fa0510deeecd303eb,0xc00e94cb662c3520282e6f5717214004a7f26888,INST-COMP,median_token_value_usd,,,,,,,,,,,0.0,10000
2021-05-15,12438842,0x1f9840a85d5af5bf1d1762f925bdaddc4201f984,0x6f40d4a6237c257fff2db00fa0510deeecd303eb,UNI-INST,median_token_value_usd,,,,,,,,,,,0.0,10000
2021-05-15,12438842,0x111111111117dc0aa78b770fa6a738034120c302,0x6f40d4a6237c257fff2db00fa0510deeecd303eb,1INCH-INST,median_token_value_usd,,,,,,,,,,,0.0,10000
2021-05-15,12438842,0x6b3595068778dd592e39a122f4f5a5cf09c90fe2,0x6f40d4a6237c257fff2db00fa0510deeecd303eb,SUSHI-INST,dir_share_token_a,1.236686042460633e-08,0.0,0.0,0.0,0.0,0.0,0.0,0.0,4.229047334547431e-09,4.494903862450883e-07,0.0403,10000
2021-05-15,12438842,0x6b3595068778dd592e39a122f4f5a5cf09c90fe2,0x6f40d4a6237c257fff2db00fa0510deeecd303eb,SUSHI-INST,median_token_value_usd,,,,,,,,,,,0.0,10000
2021-05-15,12438842,0x0bc529c00c6401aef6d220be8c6ea1667f6ad93e,0x6f40d4a6237c257fff2db00fa0510deeecd303eb,YFI-INST,avg_token_holding_share,0.5000011920928955,0.0,0.0,0.0,0.0,0.0,0.0,0.0,0.5,0.5000006556510925,0.0077,10000
2021-05-15,12438842,0x0bc529c00c6401aef6d220be8c6ea1667f6ad93e,0x6f40d4a6237c257fff2db00fa0510deeecd303eb,YFI-INST,dir_share_token_a,2.380386604272644e-06,0.0,0.0,0.0,0.0,0.0,0.0,0.0,2.7990964580892896e-12,1.2670724345298368e-06,0.0073,10000
2021-05-15,12438842,0x0bc529c00c6401aef6d220be8c6ea1667f6ad93e,0x6f40d4a6237c257fff2db00fa0510deeecd303eb,YFI-INST,median_token_value_usd,,,,,,,,,,,0.0,10000
2021-05-15,12438842,0x6f40d4a6237c257fff2db00fa0510deeecd303eb,0x7fc66500c84a76ad7e9c93437bfc5ac33e2ddae9,INST-AAVE,avg_token_holding_share,0.5000002384185791,0.0,0.0,0.0,0.0,0.0,0.0,0.5,0.5000000596046448,0.5000007748603821,0.0263,10000
2021-05-15,12438842,0x6f40d4a6237c257fff2db00fa0510deeecd303eb,0x7fc66500c84a76ad7e9c93437bfc5ac33e2ddae9,INST-AAVE,dir_share_token_b,4.7471783659602806e-07,0.0,0.0,0.0,0.0,0.0,0.0,7.803121482297115e-10,1.239705653688361e-07,1.5923085356917e-06,0.0247,10000
2021-05-15,12438842,0x6f40d4a6237c257fff2db00fa0510deeecd303eb,0x7fc66500c84a76ad7e9c93437bfc5ac33e2ddae9,INST-AAVE,median_token_value_usd,,,,,,,,,,,0.0,10000
2021-05-15,12438842,0x111111111117dc0aa78b770fa6a738034120c302,0x6b3595068778dd592e39a122f4f5a5cf09c90fe2,1INCH-SUSHI,median_token_value_usd,868.1925048828125,654.684814453125,671.9849243164062,681.1355590820312,698.3390502929688,718.834716796875,739.888427734375,759.803955078125,771.002685546875,784.4354858398438,0.0,10000
2021-05-15,12438842,0x111111111117dc0aa78b770fa6a738034120c302,0xd533a949740bb3306d119cc777fa900ba034cd52,1INCH-CRV,median_token_value_usd,993.8975830078125,796.1702270507812,811.5972900390625,820.3194580078125,836.72509765625,853.172119140625,870.6165161132812,887.2073364257812,894.8363647460938,913.5660400390625,0.0,10000
2021-05-15,12438842,0x111111111117dc0aa78b770fa6a738034120c302,0xba100000625a3754423978a60c9317c58a424e3d,1INCH-BAL,median_token_value_usd,712.4510498046875,525.2194213867188,536.056640625,542.939208984375,557.2059936523438,571.2640380859375,587.3638305664062,604.2133178710938,614.4256591796875,634.0508422851562,0.0,10000
2021-05-15,12438842,0x0bc529c00c6401aef6d220be8c6ea1667f6ad93e,0x6b3595068778dd592e39a122f4f5a5cf09c90fe2,YFI-SUSHI,avg_token_holding_share,0.23137065768241882,0.014874023385345936,0.0193167757242918,0.02254689671099186,0.03157680109143257,0.04889240488409996,0.08390377461910248,0.15067848563194275,0.1920814961194992,0.252129465341568,0.017,10000
2021-05-15,12438842,0x0bc529c00c6401aef6d220be8c6ea1667f6ad93e,0x6b3595068778dd592e39a122f4f5a5cf09c90fe2,YFI-SUSHI,dir_share_token_a,0.2750701308250427,0.018688883632421494,0.025010373443365097,0.029193678870797157,0.04011059179902077,0.06165914982557297,0.09920676797628403,0.15598587691783905,0.18795792758464813,0.24876055121421814,0.0036,10000
2021-05-15,12438842,0x0bc529c00c6401aef6d220be8c6ea1667f6ad93e,0xd533a949740bb3306d119cc777fa900ba034cd52,YFI-CRV,dir_share_token_a,0.23350143432617188,0.008900933898985386,0.012742339633405209,0.015404307283461094,0.0214819498360157,0.03374696895480156,0.0626799613237381,0.10266131907701492,0.15336836874485016,0.19956077635288239,0.0038,10000
2021-05-15,12438842,0x0bc529c00c6401aef6d220be8c6ea1667f6ad93e,0xd533a949740bb3306d119cc777fa900ba034cd52,YFI-CRV,median_token_value_usd,1570.2939453125,819.3204956054688,854.6447143554688,874.4928588867188,908.02734375,945.3709106445312,977.4909057617188,1011.7387084960938,1032.2349853515625,1075.877197265625,0.0,10000
2021-05-15,12438842,0xba100000625a3754423978a60c9317c58a424e3d,0xd533a949740bb3306d119cc777fa900ba034cd52,BAL-CRV,median_token_value_usd,752.4644775390625,385.3746643066406,404.21319580078125,415.201171875,432.9581604003906,453.01611328125,473.19622802734375,489.8714904785156,501.1062927246094,525.7974243164062,0.0,10000
2021-05-15,12438842,0x0bc529c00c6401aef6d220be8c6ea1667f6ad93e,0xba100000625a3754423978a60c9317c58a424e3d,YFI-BAL,avg_token_holding_share,0.1526833027601242,0.014783600345253944,0.02007734589278698,0.023406270891427994,0.030990269035100937,0.045633673667907715,0.07347068935632706,0.10095268487930298,0.11773951351642609,0.1502084881067276,0.0082,10000
2021-05-15,12438842,0x0bc529c00c6401aef6d220be8c6ea1667f6ad93e,0xba100000625a3754423978a60c9317c58a424e3d,YFI-BAL,dir_share_token_a,0.25826722383499146,0.010322639718651772,0.014600042253732681,0.017623575404286385,0.024589551612734795,0.038592517375946045,0.06884859502315521,0.11043936014175415,0.15911100804805756,0.20842035114765167,0.0013,10000
2021-05-15,12438842,0x0bc529c00c6401aef6d220be8c6ea1667f6ad93e,0x5a98fcbea516cf06857215779fd812ca3bef1b32,YFI-LDO,median_token_value_usd,4958.4755859375,2352.923583984375,2662.30126953125,2861.31103515625,3196.358154296875,3585.51806640625,3934.40673828125,4334.287109375,4635.53173828125,5354.7802734375,0.0222,10000
2021-05-15,12438842,0x0bc529c00c6401aef6d220be8c6ea1667f6ad93e,0x7fc66500c84a76ad7e9c93437bfc5ac33e2ddae9,YFI-AAVE,avg_token_holding_share,0.2584304213523865,0.02682057023048401,0.0347924567759037,0.040291678160429,0.05370603874325752,0.07756247371435165,0.11761059612035751,0.15432468056678772,0.1791221648454666,0.22996298968791962,0.0027,10000
2021-05-15,12438842,0x0bc529c00c6401aef6d220be8c6ea1667f6ad93e,0x7fc66500c84a76ad7e9c93437bfc5ac33e2ddae9,YFI-AAVE,dir_share_token_a,0.3164350688457489,0.03629566356539726,0.04771595820784569,0.05546027794480324,0.07393407821655273,0.1074783205986023,0.1571117341518402,0.21745452284812927,0.25511500239372253,0.3108838200569153,0.0081,10000
2021-05-15,12438842,0x0bc529c00c6401aef6d220be8c6ea1667f6ad93e,0x7fc66500c84a76ad7e9c93437bfc5ac33e2ddae9,YFI-AAVE,dir_share_token_b,0.20042574405670166,0.006301133893430233,0.008464477956295013,0.010042395442724228,0.01434325147420168,0.023815922439098358,0.06679558753967285,0.18154506385326385,0.19926950335502625,0.2924816608428955,0.0478,10000
2021-05-15,12438842,0x0bc529c00c6401aef6d220be8c6ea1667f6ad93e,0x7fc66500c84a76ad7e9c93437bfc5ac33e2ddae9,YFI-AAVE,median_token_value_usd,2744.39990234375,1620.7496337890625,1665.5076904296875,1688.9390869140625,1726.6572265625,1771.01953125,1817.8033447265625,1863.0511474609375,1890.5904541015625,1946.084716796875,0.0,10000
2021-06-15,12638919,0x111111111117dc0aa78b770fa6a738034120c302,0x6b3595068778dd592e39a122f4f5a5cf09c90fe2,1INCH-SUSHI,median_token_value_usd,469.3344421386719,395.92376708984375,405.13482666015625,409.91143798828125,418.1854248046875,427.622314453125,438.45220947265625,447.7571105957031,453.2160339355469,461.08135986328125,0.0025,10000
2021-06-15,12638919,0x111111111117dc0aa78b770fa6a738034120c302,0xd533a949740bb3306d119cc777fa900ba034cd52,1INCH-CRV,median_token_value_usd,646.516845703125,530.060791015625,547.25048828125,556.2225952148438,566.6859130859375,579.4617309570312,590.6553344726562,600.80517578125,605.4593505859375,618.2869873046875,0.0,10000
2021-06-15,12638919,0x0bc529c00c6401aef6d220be8c6ea1667f6ad93e,0x6b3595068778dd592e39a122f4f5a5cf09c90fe2,YFI-SUSHI,avg_token_holding_share,0.19826607406139374,0.01734619401395321,0.022852467373013496,0.02643493004143238,0.035129234194755554,0.052200548350811005,0.08614864945411682,0.1359838843345642,0.19120566546916962,0.2684878706932068,0.0416,10000
2021-06-15,12638919,0x0bc529c00c6401aef6d220be8c6ea1667f6ad93e,0xd533a949740bb3306d119cc777fa900ba034cd52,YFI-CRV,dir_share_token_a,0.21238350868225098,0.010488515719771385,0.014881111681461334,0.018008310347795486,0.025403916835784912,0.039011646062135696,0.06428210437297821,0.10157247632741928,0.17564091086387634,0.23159487545490265,0.0167,10000
2021-06-15,12638919,0x0bc529c00c6401aef6d220be8c6ea1667f6ad93e,0xd533a949740bb3306d119cc777fa900ba034cd52,YFI-CRV,median_token_value_usd,980.3780517578125,522.9059448242188,543.6342163085938,554.76025390625,573.8798217773438,596.5811767578125,619.5367431640625,642.176513671875,656.6741943359375,680.2322998046875,0.0,10000
2021-06-15,12638919,0x4e3fbd56cd56c3e72c1403e103b45db9da5b9d2b,0xd533a949740bb3306d119cc777fa900ba034cd52,CVX-CRV,dir_share_token_b,0.023195547983050346,1.7584858142072335e-05,2.3809343474567868e-05,2.8590724468813278e-05,4.092591552762315e-05,7.743990136077628e-05,0.0002920991100836545,0.0013698138063773513,0.00577547587454319,0.03893459215760231,0.0215,10000
2021-06-15,12638919,0x4e3fbd56cd56c3e72c1403e103b45db9da5b9d2b,0xd533a949740bb3306d119cc777fa900ba034cd52,CVX-CRV,gini_token_holding_share,0.9933581886963102,0.724723756313324,0.7612466216087341,0.7863096594810486,0.8314545154571533,0.8943232297897339,0.983655571937561,0.9903002977371216,0.9913018941879272,0.9921881556510925,0.0001,10000
2021-06-15,12638919,0xba100000625a3754423978a60c9317c58a424e3d,0xd533a949740bb3306d119cc777fa900ba034cd52,BAL-CRV,median_token_value_usd,366.315673828125,225.91390991210938,231.76882934570312,236.78863525390625,244.1690216064453,253.17958068847656,263.4486389160156,273.61663818359375,279.50421142578125,291.2735900878906,0.0,10000
2021-06-15,12638919,0x5a98fcbea516cf06857215779fd812ca3bef1b32,0xd533a949740bb3306d119cc777fa900ba034cd52,LDO-CRV,dir_share_token_b,0.02208256907761097,4.4774176785722375e-05,5.912638516747393e-05,7.030655979178846e-05,0.00010423240019008517,0.00024819502141326666,0.0008261976763606071,0.005726262461394072,0.01894530840218067,0.13924340903759003,0.0419,10000
2021-06-15,12638919,0x0bc529c00c6401aef6d220be8c6ea1667f6ad93e,0x5a98fcbea516cf06857215779fd812ca3bef1b32,YFI-LDO,dir_share_token_a,0.04779650643467903,0.0002438044175505638,0.00034297784441150725,0.00042398410732857883,0.0007362702745012939,0.002113009337335825,0.005023367702960968,0.011728180572390556,0.024545473977923393,0.06753300875425339,0.0186,10000
2021-06-15,12638919,0x4e3fbd56cd56c3e72c1403e103b45db9da5b9d2b,0x5a98fcbea516cf06857215779fd812ca3bef1b32,CVX-LDO,dir_share_token_a,0.0007689965423196554,2.0148079329374013e-06,4.8812958084454294e-06,7.593362624902511e-06,1.4969326002756134e-05,2.8849408408859745e-05,5.814245014335029e-05,0.00015043382882140577,0.0004010935954283923,0.42343080043792725,0.0365,10000
2021-06-15,12638919,0x0bc529c00c6401aef6d220be8c6ea1667f6ad93e,0x4e3fbd56cd56c3e72c1403e103b45db9da5b9d2b,YFI-CVX,dir_share_token_a,0.04339537397027016,8.900991815607995e-05,0.00012507245992310345,0.00015634224109817296,0.00024564191699028015,0.000578255217988044,0.00228881579823792,0.00626628240570426,0.010904921218752861,0.04177958518266678,0.009,10000
2021-06-15,12638919,0x0bc529c00c6401aef6d220be8c6ea1667f6ad93e,0x7fc66500c84a76ad7e9c93437bfc5ac33e2ddae9,YFI-AAVE,avg_token_holding_share,0.24520282447338104,0.028221970424056053,0.036141231656074524,0.04161777347326279,0.05451708659529686,0.07596582174301147,0.11917244642972946,0.15648488700389862,0.17924591898918152,0.23176565766334534,0.0054,10000
2021-06-15,12638919,0x0bc529c00c6401aef6d220be8c6ea1667f6ad93e,0x7fc66500c84a76ad7e9c93437bfc5ac33e2ddae9,YFI-AAVE,dir_share_token_a,0.28155410289764404,0.03905855864286423,0.05066411942243576,0.05867498740553856,0.07536362111568451,0.10429459810256958,0.14689847826957703,0.22811585664749146,0.26657381653785706,0.3248261511325836,0.0355,10000
2021-06-15,12638919,0x0bc529c00c6401aef6d220be8c6ea1667f6ad93e,0x7fc66500c84a76ad7e9c93437bfc5ac33e2ddae9,YFI-AAVE,dir_share_token_b,0.20885154604911804,0.00613871356472373,0.008442412130534649,0.010127020999789238,0.014685403555631638,0.025297515094280243,0.06717672199010849,0.18006683886051178,0.20041541755199432,0.29147061705589294,0.0394,10000
2021-06-15,12638919,0x0bc529c00c6401aef6d220be8c6ea1667f6ad93e,0x7fc66500c84a76ad7e9c93437bfc5ac33e2ddae9,YFI-AAVE,median_token_value_usd,1481.4813232421875,936.7966918945312,954.0965576171875,965.4388427734375,985.0371704101562,1007.9835205078125,1030.8511962890625,1052.197509765625,1066.473876953125,1091.0701904296875,0.0,10000
2021-06-15,12638919,0x0bc529c00c6401aef6d220be8c6ea1667f6ad93e,0xba100000625a3754423978a60c9317c58a424e3d,YFI-BAL,avg_token_holding_share,0.13326908648014069,0.01474612858146429,0.020206080749630928,0.023799365386366844,0.03186393901705742,0.04611371457576752,0.07102269679307938,0.10177608579397202,0.11981905251741409,0.1567048728466034,0.0281,10000
2021-06-15,12638919,0x0bc529c00c6401aef6d220be8c6ea1667f6ad93e,0xba100000625a3754423978a60c9317c58a424e3d,YFI-BAL,dir_share_token_a,0.18444927036762238,0.010566079057753086,0.014924012124538422,0.018160037696361542,0.02564369887113571,0.039508167654275894,0.06382698565721512,0.10052367299795151,0.1737891137599945,0.2296101152896881,0.0387,10000
2021-07-15,12831436,0x0bc529c00c6401aef6d220be8c6ea1667f6ad93e,0x7fc66500c84a76ad7e9c93437bfc5ac33e2ddae9,YFI-AAVE,avg_token_holding_share,0.2353316992521286,0.029925020411610603,0.037989020347595215,0.043636567890644073,0.05642633140087128,0.0771455317735672,0.11982938647270203,0.15664705634117126,0.17968858778476715,0.2332698106765747,0.0092,10000
2021-07-15,12831436,0x0bc529c00c6401aef6d220be8c6ea1667f6ad93e,0x7fc66500c84a76ad7e9c93437bfc5ac33e2ddae9,YFI-AAVE,dir_share_token_a,0.26913559436798096,0.04243111237883568,0.05410325527191162,0.06153444945812225,0.07943597435951233,0.10817711055278778,0.15061599016189575,0.22912077605724335,0.26425477862358093,0.3162585496902466,0.0441,10000
2021-07-15,12831436,0x0bc529c00c6401aef6d220be8c6ea1667f6ad93e,0x7fc66500c84a76ad7e9c93437bfc5ac33e2ddae9,YFI-AAVE,median_token_value_usd,1164.2320556640625,782.8807373046875,799.7378540039062,808.0889282226562,819.7089233398438,836.4249267578125,854.8853759765625,872.7316284179688,883.2192993164062,901.834228515625,0.0,10000
2021-07-15,12831436,0x0bc529c00c6401aef6d220be8c6ea1667f6ad93e,0x6b3595068778dd592e39a122f4f5a5cf09c90fe2,YFI-SUSHI,avg_token_holding_share,0.20647430419921875,0.019761092960834503,0.025800097733736038,0.029499579221010208,0.03872369974851608,0.05562913417816162,0.08883456140756607,0.13430985808372498,0.18691802024841309,0.2478816658258438,0.029,10000
2021-07-15,12831436,0x0bc529c00c6401aef6d220be8c6ea1667f6ad93e,0x6b3595068778dd592e39a122f4f5a5cf09c90fe2,YFI-SUSHI,dir_share_token_a,0.22526207566261292,0.025391068309545517,0.033328697085380554,0.03866354748606682,0.050944358110427856,0.07179775834083557,0.10640625655651093,0.17483653128147125,0.2143852412700653,0.27270907163619995,0.0381,10000
2021-07-15,12831436,0x0bc529c00c6401aef6d220be8c6ea1667f6ad93e,0xd533a949740bb3306d119cc777fa900ba034cd52,YFI-CRV,dir_share_token_a,0.18771205842494965,0.01241145096719265,0.017215153202414513,0.020723991096019745,0.02862345427274704,0.04234013706445694,0.06850073486566544,0.10690659284591675,0.17618225514888763,0.22502797842025757,0.0349,10000
2021-07-15,12831436,0x0bc529c00c6401aef6d220be8c6ea1667f6ad93e,0xd533a949740bb3306d119cc777fa900ba034cd52,YFI-CRV,median_token_value_usd,689.2890014648438,369.9312744140625,380.9589538574219,388.4395751953125,401.8527526855469,416.64794921875,431.90716552734375,445.49981689453125,452.7265930175781,466.73968505859375,0.0,10000
2021-07-15,12831436,0x0bc529c00c6401aef6d220be8c6ea1667f6ad93e,0xba100000625a3754423978a60c9317c58a424e3d,YFI-BAL,avg_token_holding_share,0.17139112949371338,0.015292106196284294,0.020428430289030075,0.023792799562215805,0.031348180025815964,0.04548583924770355,0.07069987058639526,0.09964051097631454,0.11755445599555969,0.1550510823726654,0.004,10000
2021-07-15,12831436,0x0bc529c00c6401aef6d220be8c6ea1667f6ad93e,0xba100000625a3754423978a60c9317c58a424e3d,YFI-BAL,dir_share_token_a,0.18693916499614716,0.011088472791016102,0.01570526696741581,0.01893521472811699,0.026483340188860893,0.03930043429136276,0.0648193284869194,0.101589135825634,0.1720561683177948,0.2180817872285843,0.0309,10000
2021-07-15,12831436,0x0bc529c00c6401aef6d220be8c6ea1667f6ad93e,0xba100000625a3754423978a60c9317c58a424e3d,YFI-BAL,dir_share_token_b,0.1558430939912796,0.007436249405145645,0.01302712969481945,0.01723255030810833,0.024864183738827705,0.03845500573515892,0.07230210304260254,0.12709611654281616,0.1453692615032196,0.20520564913749695,0.0349,10000
2021-07-15,12831436,0x4e3fbd56cd56c3e72c1403e103b45db9da5b9d2b,0x6b3595068778dd592e39a122f4f5a5cf09c90fe2,CVX-SUSHI,dir_share_token_b,0.016762783750891685,5.373967724153772e-05,7.595642819069326e-05,9.604133083485067e-05,0.00015548747614957392,0.0004186619771644473,0.0012559981551021338,0.0034930233377963305,0.011110002174973488,0.09088226407766342,0.0312,10000
2021-07-15,12831436,0x4e3fbd56cd56c3e72c1403e103b45db9da5b9d2b,0xd533a949740bb3306d119cc777fa900ba034cd52,CVX-CRV,dir_share_token_b,0.019597329199314117,2.7880714696948417e-05,3.7036777939647436e-05,4.3987962271785364e-05,6.368340837070718e-05,0.00013988159480504692,0.0005484084831550717,0.0017778404289856553,0.015529089607298374,0.08100539445877075,0.0368,10000
2021-07-15,12831436,0x4e3fbd56cd56c3e72c1403e103b45db9da5b9d2b,0xd533a949740bb3306d119cc777fa900ba034cd52,CVX-CRV,gini_token_holding_share,0.9960056539276539,0.752824604511261,0.78087317943573,0.7988197207450867,0.8412786722183228,0.9176346063613892,0.987163245677948,0.9932886958122253,0.993729829788208,0.9942249059677124,0.0,10000
2021-07-15,12831436,0x4e3fbd56cd56c3e72c1403e103b45db9da5b9d2b,0x5a98fcbea516cf06857215779fd812ca3bef1b32,CVX-LDO,dir_share_token_a,0.001121261389926076,4.6036429921514355e-06,9.60923898674082e-06,1.3315189789864235e-05,2.3145999875850976e-05,4.174137575319037e-05,7.752244709990919e-05,0.0001776947028702125,0.0009450987563468516,0.37006551027297974,0.046,10000
2021-07-15,12831436,0xba100000625a3754423978a60c9317c58a424e3d,0xd533a949740bb3306d119cc777fa900ba034cd52,BAL-CRV,dir_share_token_a,0.15215209126472473,0.007090971805155277,0.012888774275779724,0.01650317572057247,0.02489137277007103,0.038600001484155655,0.07538222521543503,0.12863394618034363,0.14666195213794708,0.2065294086933136,0.0425,10000
2021-07-15,12831436,0xba100000625a3754423978a60c9317c58a424e3d,0xd533a949740bb3306d119cc777fa900ba034cd52,BAL-CRV,median_token_value_usd,237.43896484375,149.2486114501953,153.40135192871094,156.69479370117188,162.30662536621094,168.34707641601562,175.4310302734375,181.8929443359375,186.09815979003906,191.7425994873047,0.0,10000
2021-07-15,12831436,0x5a98fcbea516cf06857215779fd812ca3bef1b32,0xba100000625a3754423978a60c9317c58a424e3d,LDO-BAL,dir_share_token_b,0.0931367352604866,5.1889663154724985e-05,8.272404375020415e-05,0.00011730095138773322,0.00031859095906838775,0.0018337540095672011,0.006976096425205469,0.01274588517844677,0.026429075747728348,0.0972355455160141,0.0135,10000
2021-08-15,13029639,0x0bc529c00c6401aef6d220be8c6ea1667f6ad93e,0x7fc66500c84a76ad7e9c93437bfc5ac33e2ddae9,YFI-AAVE,avg_token_holding_share,0.22764433920383453,0.0333612784743309,0.04151930287480354,0.04741249233484268,0.06026843935251236,0.0814855545759201,0.11508569866418839,0.15498659014701843,0.18024824559688568,0.2332315891981125,0.0115,10000
2021-08-15,13029639,0x0bc529c00c6401aef6d220be8c6ea1667f6ad93e,0x7fc66500c84a76ad7e9c93437bfc5ac33e2ddae9,YFI-AAVE,dir_share_token_a,0.2636149227619171,0.04769858717918396,0.06048261746764183,0.06908711791038513,0.08720199018716812,0.1162949949502945,0.16041821241378784,0.2057136595249176,0.23511429131031036,0.29251396656036377,0.0218,10000
2021-08-15,13029639,0x0bc529c00c6401aef6d220be8c6ea1667f6ad93e,0x7fc66500c84a76ad7e9c93437bfc5ac33e2ddae9,YFI-AAVE,median_token_value_usd,1627.505126953125,1135.8380126953125,1165.320068359375,1181.1885986328125,1202.784912109375,1227.431640625,1246.9417724609375,1269.38427734375,1284.506103515625,1315.1064453125,0.0,10000
2021-08-15,13029639,0x0bc529c00c6401aef6d220be8c6ea1667f6ad93e,0x6b3595068778dd592e39a122f4f5a5cf09c90fe2,YFI-SUSHI,dir_share_token_a,0.20456019043922424,0.027912845835089684,0.03744969516992569,0.043239135295152664,0.05632318556308746,0.07825857400894165,0.11584361642599106,0.16098058223724365,0.1873570829629898,0.2399795949459076,0.0298,10000
2021-08-15,13029639,0x0bc529c00c6401aef6d220be8c6ea1667f6ad93e,0xd533a949740bb3306d119cc777fa900ba034cd52,YFI-CRV,dir_share_token_a,0.1966850757598877,0.013746186159551144,0.019620267674326897,0.02358417958021164,0.03193163126707077,0.04658997803926468,0.073441281914711,0.11526397615671158,0.14185921847820282,0.18861714005470276,0.0073,10000
2021-08-15,13029639,0x0bc529c00c6401aef6d220be8c6ea1667f6ad93e,0xd533a949740bb3306d119cc777fa900ba034cd52,YFI-CRV,median_token_value_usd,980.0477294921875,547.3956909179688,567.8722534179688,579.0496215820312,596.9269409179688,618.9446411132812,641.9816284179688,662.1336059570312,672.7952880859375,696.1218872070312,0.0,10000
2021-08-15,13029639,0x0bc529c00c6401aef6d220be8c6ea1667f6ad93e,0xba100000625a3754423978a60c9317c58a424e3d,YFI-BAL,avg_token_holding_share,0.2025589942932129,0.015718894079327583,0.021213378757238388,0.02509201318025589,0.03270513564348221,0.047095514833927155,0.07383332401514053,0.10036274790763855,0.11797638982534409,0.15272660553455353,0.0011,10000
2021-08-15,13029639,0x0bc529c00c6401aef6d220be8c6ea1667f6ad93e,0xba100000625a3754423978a60c9317c58a424e3d,YFI-BAL,dir_share_token_a,0.1837167590856552,0.01160761620849371,0.016888555139303207,0.020600568503141403,0.02878049947321415,0.04253038391470909,0.06846527010202408,0.10987728089094162,0.13714063167572021,0.17792776226997375,0.0083,10000
2021-08-15,13029639,0x0bc529c00c6401aef6d220be8c6ea1667f6ad93e,0xba100000625a3754423978a60c9317c58a424e3d,YFI-BAL,dir_share_token_b,0.22140121459960938,0.007667611353099346,0.013242105022072792,0.017091481015086174,0.025076545774936676,0.03849656879901886,0.07215754687786102,0.13919925689697266,0.1602461040019989,0.22425515949726105,0.0108,10000
2021-08-15,13029639,0x0bc529c00c6401aef6d220be8c6ea1667f6ad93e,0x5a98fcbea516cf06857215779fd812ca3bef1b32,YFI-LDO,dir_share_token_a,0.049869999289512634,0.0004033481818623841,0.0005777443875558674,0.0007448472897522151,0.001452716300264001,0.0036368765868246555,0.008013016544282436,0.017168095335364342,0.03038972243666649,0.0796593502163887,0.0253,10000
2021-08-15,13029639,0x0bc529c00c6401aef6d220be8c6ea1667f6ad93e,0x5a98fcbea516cf06857215779fd812ca3bef1b32,YFI-LDO,median_token_value_usd,3954.944091796875,1700.2109375,1896.2315673828125,1988.253173828125,2187.346435546875,2437.9658203125,2688.968994140625,2941.3056640625,3095.09912109375,3417.89892578125,0.0005,10000
2021-08-15,13029639,0x4e3fbd56cd56c3e72c1403e103b45db9da5b9d2b,0x6b3595068778dd592e39a122f4f5a5cf09c90fe2,CVX-SUSHI,dir_share_token_b,0.025087643414735794,0.00011610437650233507,0.00016511979629285634,0.00021066618501208723,0.0003762654378078878,0.0009323029080405831,0.0024188878014683723,0.005452809855341911,0.017054805532097816,0.11261285096406937,0.0334,10000
2021-08-15,13029639,0x6b3595068778dd592e39a122f4f5a5cf09c90fe2,0xba100000625a3754423978a60c9317c58a424e3d,SUSHI-BAL,dir_share_token_b,0.22106467187404633,0.019720343872904778,0.02834784798324108,0.034273579716682434,0.046228665858507156,0.06817370653152466,0.1261613517999649,0.18053793907165527,0.20982587337493896,0.2836609184741974,0.0403,10000
2021-08-15,13029639,0x4e3fbd56cd56c3e72c1403e103b45db9da5b9d2b,0xd533a949740bb3306d119cc777fa900ba034cd52,CVX-CRV,dir_share_token_b,0.05837463587522507,5.616349881165661e-05,7.496498437831178e-05,9.068814688362181e-05,0.00013850955292582512,0.00031841249438002706,0.0009463905589655042,0.004490138962864876,0.01929708570241928,0.17708531022071838,0.0164,10000
2021-08-15,13029639,0x4e3fbd56cd56c3e72c1403e103b45db9da5b9d2b,0xd533a949740bb3306d119cc777fa900ba034cd52,CVX-CRV,gini_token_holding_share,0.9960863058650233,0.8061921000480652,0.8354992866516113,0.8519325256347656,0.8812703490257263,0.9210143089294434,0.9855632185935974,0.9948989152908325,0.9952154159545898,0.995513379573822,0.0,10000
2021-08-15,13029639,0x4e3fbd56cd56c3e72c1403e103b45db9da5b9d2b,0xba100000625a3754423978a60c9317c58a424e3d,CVX-BAL,dir_share_token_b,0.046036846935749054,4.288599666324444e-05,6.587298412341624e-05,8.910278847906739e-05,0.00022823805920779705,0.0013379999436438084,0.005891305394470692,0.010431432165205479,0.019104979932308197,0.10908104479312897,0.0242,10000
2021-08-15,13029639,0x4e3fbd56cd56c3e72c1403e103b45db9da5b9d2b,0x5a98fcbea516cf06857215779fd812ca3bef1b32,CVX-LDO,dir_share_token_a,0.003257919102907181,2.561835754022468e-05,4.6669116272823885e-05,6.114192365203053e-05,9.681005030870438e-05,0.00017075696086976677,0.00034950539702549577,0.0007536867051385343,0.0019338090205565095,0.3209814727306366,0.039,10000
2021-08-15,13029639,0x4e3fbd56cd56c3e72c1403e103b45db9da5b9d2b,0x6f40d4a6237c257fff2db00fa0510deeecd303eb,CVX-INST,gini_token_holding_share,0.9720978876616342,0.5345297455787659,0.6072148084640503,0.6499720811843872,0.7275781035423279,0.8248580098152161,0.9090638756752014,0.9439657330513,0.9523100852966309,0.9614271521568298,0.0001,10000
2021-08-15,13029639,0xba100000625a3754423978a60c9317c58a424e3d,0xd533a949740bb3306d119cc777fa900ba034cd52,BAL-CRV,dir_share_token_a,0.2172931432723999,0.008450087159872055,0.01436344813555479,0.01810947060585022,0.02589886449277401,0.038787346333265305,0.06963152438402176,0.13887043297290802,0.16139496862888336,0.22485679388046265,0.0124,10000
2021-08-15,13029639,0xba100000625a3754423978a60c9317c58a424e3d,0xd533a949740bb3306d119cc777fa900ba034cd52,BAL-CRV,median_token_value_usd,374.68756103515625,232.97665405273438,242.14170837402344,246.70504760742188,255.78787231445312,266.02490234375,276.648681640625,284.58697509765625,290.29254150390625,301.8552551269531,0.0,10000
2021-08-15,13029639,0x5a98fcbea516cf06857215779fd812ca3bef1b32,0xba100000625a3754423978a60c9317c58a424e3d,LDO-BAL,dir_share_token_b,0.1318512111902237,7.000464393058792e-05,0.00010802328324643895,0.00015832610370125622,0.0004564328701235354,0.0026240742299705744,0.00734790600836277,0.0135297616943717,0.02734409272670746,0.1138201504945755,0.0034,10000
2021-08-15,13029639,0x5a98fcbea516cf06857215779fd812ca3bef1b32,0xba100000625a3754423978a60c9317c58a424e3d,LDO-BAL,gini_token_holding_share,0.9935119684053615,0.926268458366394,0.9602537751197815,0.9702951908111572,0.9781596064567566,0.9853124618530273,0.9895763993263245,0.9919740557670593,0.9932217597961426,0.9951178431510925,0.0414,10000
2021-09-15,13230157,0x0bc529c00c6401aef6d220be8c6ea1667f6ad93e,0x7fc66500c84a76ad7e9c93437bfc5ac33e2ddae9,YFI-AAVE,avg_token_holding_share,0.23650923371315002,0.03201095759868622,0.03960583359003067,0.04511678218841553,0.057423610240221024,0.0792694240808487,0.11409498006105423,0.1511104702949524,0.1738763302564621,0.21905849874019623,0.0048,10000
2021-09-15,13230157,0x0bc529c00c6401aef6d220be8c6ea1667f6ad93e,0x7fc66500c84a76ad7e9c93437bfc5ac33e2ddae9,YFI-AAVE,dir_share_token_a,0.2777727246284485,0.04515445977449417,0.05662553384900093,0.06438899040222168,0.08207447826862335,0.1117880791425705,0.15808053314685822,0.21195635199546814,0.24235783517360687,0.3003263473510742,0.0197,10000
2021-09-15,13230157,0x0bc529c00c6401aef6d220be8c6ea1667f6ad93e,0x7fc66500c84a76ad7e9c93437bfc5ac33e2ddae9,YFI-AAVE,median_token_value_usd,1554.0487060546875,1086.9224853515625,1110.8465576171875,1125.2587890625,1149.4462890625,1176.43359375,1201.6771240234375,1224.496826171875,1235.2398681640625,1257.8670654296875,0.0,10000
2021-09-15,13230157,0x0bc529c00c6401aef6d220be8c6ea1667f6ad93e,0x9f8f72aa9304c8b593d555f12ef6589cc3a579a2,YFI-MKR,avg_token_holding_share,0.19785499572753906,0.03093533404171467,0.038408998399972916,0.043239761143922806,0.054128266870975494,0.07106158882379532,0.09851035475730896,0.1293373852968216,0.14774949848651886,0.18583987653255463,0.0062,10000
2021-09-15,13230157,0x0bc529c00c6401aef6d220be8c6ea1667f6ad93e,0x9f8f72aa9304c8b593d555f12ef6589cc3a579a2,YFI-MKR,dir_share_token_a,0.26195406913757324,0.03507580608129501,0.04532160237431526,0.0520264208316803,0.06596329063177109,0.0897531807422638,0.13015681505203247,0.18553049862384796,0.2134503424167633,0.26444050669670105,0.0107,10000
2021-09-15,13230157,0x0bc529c00c6401aef6d220be8c6ea1667f6ad93e,0x9f8f72aa9304c8b593d555f12ef6589cc3a579a2,YFI-MKR,median_token_value_usd,1015.4856567382812,367.0267028808594,378.0207824707031,384.2117614746094,394.3683776855469,405.5743408203125,418.17962646484375,430.61968994140625,437.9480285644531,452.76275634765625,0.0,10000
2021-09-15,13230157,0x0bc529c00c6401aef6d220be8c6ea1667f6ad93e,0x6b3595068778dd592e39a122f4f5a5cf09c90fe2,YFI-SUSHI,dir_share_token_a,0.22575585544109344,0.029044287279248238,0.03823938965797424,0.044775065034627914,0.0573226660490036,0.07950249314308167,0.11820448935031891,0.17563728988170624,0.20506200194358826,0.25921308994293213,0.0291,10000
2021-09-15,13230157,0x0bc529c00c6401aef6d220be8c6ea1667f6ad93e,0xd533a949740bb3306d119cc777fa900ba034cd52,YFI-CRV,dir_share_token_a,0.18627116084098816,0.013840246945619583,0.01898369751870632,0.022931542247533798,0.03118317201733589,0.04537426680326462,0.07231093943119049,0.11354952305555344,0.15362419188022614,0.2046985626220703,0.0174,10000
2021-09-15,13230157,0x0bc529c00c6401aef6d220be8c6ea1667f6ad93e,0xd533a949740bb3306d119cc777fa900ba034cd52,YFI-CRV,median_token_value_usd,1119.614013671875,615.1801147460938,636.7442626953125,649.36328125,670.15185546875,694.2022705078125,719.605712890625,741.2205810546875,753.851806640625,779.1155395507812,0.0,10000
2021-09-15,13230157,0x0bc529c00c6401aef6d220be8c6ea1667f6ad93e,0xba100000625a3754423978a60c9317c58a424e3d,YFI-BAL,avg_token_holding_share,0.21652057766914368,0.015242055989801884,0.020304514095187187,0.02371690422296524,0.030930114910006523,0.04306318610906601,0.06827923655509949,0.09704963117837906,0.11314525455236435,0.14677362143993378,0.0004,10000
2021-09-15,13230157,0x0bc529c00c6401aef6d220be8c6ea1667f6ad93e,0xba100000625a3754423978a60c9317c58a424e3d,YFI-BAL,dir_share_token_a,0.20208582282066345,0.011088371276855469,0.0158997792750597,0.019030004739761353,0.02600049413740635,0.03799578920006752,0.06148208677768707,0.10142841935157776,0.14506740868091583,0.19097840785980225,0.0062,10000
2021-09-15,13230157,0x0bc529c00c6401aef6d220be8c6ea1667f6ad93e,0xba100000625a3754423978a60c9317c58a424e3d,YFI-BAL,dir_share_token_b,0.2309553325176239,0.007543666288256645,0.013274303637444973,0.016811387613415718,0.02461841329932213,0.03686480596661568,0.06462125480175018,0.13080881536006927,0.1540130078792572,0.21273276209831238,0.0071,10000
2021-09-15,13230157,0x6b3595068778dd592e39a122f4f5a5cf09c90fe2,0xba100000625a3754423978a60c9317c58a424e3d,SUSHI-BAL,dir_share_token_b,0.22851581871509552,0.02179512195289135,0.03094339370727539,0.03759389743208885,0.050299979746341705,0.07337472587823868,0.13193076848983765,0.18110181391239166,0.20917269587516785,0.2799938917160034,0.0349,10000
2021-09-15,13230157,0x4e3fbd56cd56c3e72c1403e103b45db9da5b9d2b,0xd533a949740bb3306d119cc777fa900ba034cd52,CVX-CRV,dir_share_token_b,0.029400598257780075,9.78178286459297e-05,0.00012875070387963206,0.00015726669516880065,0.0002574415993876755,0.0005797375342808664,0.0016300014685839415,0.011576282791793346,0.0258364025503397,0.1926031857728958,0.042,10000
2021-09-15,13230157,0x4e3fbd56cd56c3e72c1403e103b45db9da5b9d2b,0xba100000625a3754423978a60c9317c58a424e3d,CVX-BAL,dir_share_token_b,0.049633320420980453,7.673268555663526e-05,0.00012835230154450983,0.00018663302762433887,0.0005687656812369823,0.0028191113378852606,0.007889990694820881,0.014198255725204945,0.026968205347657204,0.12295541167259216,0.031,10000
2021-09-15,13230157,0x4e3fbd56cd56c3e72c1403e103b45db9da5b9d2b,0x6f40d4a6237c257fff2db00fa0510deeecd303eb,CVX-INST,dir_share_token_a,0.002110473345965147,2.943656363640912e-05,4.660034755943343e-05,6.000104622216895e-05,9.658170165494084e-05,0.00017057397053577006,0.0003587492392398417,0.0008831850718706846,0.0013961378717795014,0.26877886056900024,0.0303,10000
2021-09-15,13230157,0x4e3fbd56cd56c3e72c1403e103b45db9da5b9d2b,0x6f40d4a6237c257fff2db00fa0510deeecd303eb,CVX-INST,gini_token_holding_share,0.972703741531235,0.569240927696228,0.6361925601959229,0.6794238686561584,0.7587826251983643,0.8648929595947266,0.9394888877868652,0.9608639478683472,0.9657974243164062,0.9711250066757202,0.005,10000
2021-09-15,13230157,0x4e3fbd56cd56c3e72c1403e103b45db9da5b9d2b,0x5a98fcbea516cf06857215779fd812ca3bef1b32,CVX-LDO,dir_share_token_a,0.010402817279100418,9.139512258116156e-05,0.0001322936441283673,0.00016608407895546407,0.00024000964185688645,0.0004095467156730592,0.0008150121429935098,0.0016000387258827686,0.003370727878063917,0.33957189321517944,0.0396,10000
2021-09-15,13230157,0xba100000625a3754423978a60c9317c58a424e3d,0xd533a949740bb3306d119cc777fa900ba034cd52,BAL-CRV,dir_share_token_a,0.23063263297080994,0.008669991977512836,0.014936632476747036,0.018685761839151382,0.026875965297222137,0.03970623016357422,0.0702795535326004,0.13727155327796936,0.1594897210597992,0.22028295695781708,0.0067,10000
2021-09-15,13230157,0xba100000625a3754423978a60c9317c58a424e3d,0xd533a949740bb3306d119cc777fa900ba034cd52,BAL-CRV,median_token_value_usd,448.982177734375,296.3285827636719,303.7961730957031,308.0739440917969,317.3299255371094,328.7379150390625,340.321044921875,352.6121520996094,360.4221496582031,374.3045654296875,0.0,10000
2021-09-15,13230157,0x5a98fcbea516cf06857215779fd812ca3bef1b32,0xba100000625a3754423978a60c9317c58a424e3d,LDO-BAL,dir_share_token_b,0.16852805018424988,9.51196561800316e-05,0.0001741718006087467,0.00026893918402493,0.0008664579945616424,0.0035486689303070307,0.008669229224324226,0.015936046838760376,0.03351868689060211,0.12291277199983597,0.0006,10000
2021-09-15,13230157,0x5a98fcbea516cf06857215779fd812ca3bef1b32,0x92d6c1e31e14520e676a687f0a93788b716beff5,LDO-DYDX,median_token_value_usd,16440.42578125,6668.25048828125,7998.12548828125,8854.208984375,10722.3662109375,12866.09765625,13429.9150390625,13554.4599609375,13807.283203125,14474.2763671875,0.0006,10000
2021-10-15,13422506,0x0bc529c00c6401aef6d220be8c6ea1667f6ad93e,0x7fc66500c84a76ad7e9c93437bfc5ac33e2ddae9,YFI-AAVE,avg_token_holding_share,0.24398398399353027,0.030928252264857292,0.03859417140483856,0.0440291166305542,0.05611767619848251,0.07740353792905807,0.1127299815416336,0.14974713325500488,0.1739061027765274,0.22403106093406677,0.0041,10000
2021-10-15,13422506,0x0bc529c00c6401aef6d220be8c6ea1667f6ad93e,0x7fc66500c84a76ad7e9c93437bfc5ac33e2ddae9,YFI-AAVE,dir_share_token_a,0.28275424242019653,0.04332822933793068,0.05588647350668907,0.0639851912856102,0.08176510035991669,0.11066871881484985,0.155546635389328,0.20996861159801483,0.24252180755138397,0.2979499101638794,0.0155,10000
2021-10-15,13422506,0x0bc529c00c6401aef6d220be8c6ea1667f6ad93e,0x7fc66500c84a76ad7e9c93437bfc5ac33e2ddae9,YFI-AAVE,median_token_value_usd,1233.4638671875,894.4183959960938,910.0651245117188,918.601806640625,934.3543090820312,953.47802734375,974.0863037109375,993.11962890625,1004.9361572265625,1027.2607421875,0.0,10000
2021-10-15,13422506,0x0bc529c00c6401aef6d220be8c6ea1667f6ad93e,0x9f8f72aa9304c8b593d555f12ef6589cc3a579a2,YFI-MKR,avg_token_holding_share,0.20905929803848267,0.029918953776359558,0.037664927542209625,0.04233701527118683,0.05232694745063782,0.0696360319852829,0.09710949659347534,0.12670373916625977,0.1440895050764084,0.18295738101005554,0.0025,10000
2021-10-15,13422506,0x0bc529c00c6401aef6d220be8c6ea1667f6ad93e,0x9f8f72aa9304c8b593d555f12ef6589cc3a579a2,YFI-MKR,dir_share_token_a,0.2715384364128113,0.03243737667798996,0.042021945118904114,0.048452600836753845,0.06298709660768509,0.08798745274543762,0.12851840257644653,0.18322747945785522,0.21309906244277954,0.26913368701934814,0.0093,10000
2021-10-15,13422506,0x0bc529c00c6401aef6d220be8c6ea1667f6ad93e,0x9f8f72aa9304c8b593d555f12ef6589cc3a579a2,YFI-MKR,median_token_value_usd,887.4523315429688,342.229248046875,353.4301452636719,359.10638427734375,367.0560302734375,378.3319091796875,388.6127014160156,400.0318298339844,406.84222412109375,420.1770324707031,0.0,10000
2021-10-15,13422506,0x0bc529c00c6401aef6d220be8c6ea1667f6ad93e,0x6b3595068778dd592e39a122f4f5a5cf09c90fe2,YFI-SUSHI,avg_token_holding_share,0.23206830024719238,0.023295177146792412,0.02964252419769764,0.034214939922094345,0.043957002460956573,0.061908058822155,0.08905106037855148,0.12611670792102814,0.19543541967868805,0.25349968671798706,0.0186,10000
2021-10-15,13422506,0x0bc529c00c6401aef6d220be8c6ea1667f6ad93e,0x6b3595068778dd592e39a122f4f5a5cf09c90fe2,YFI-SUSHI,dir_share_token_a,0.2308655083179474,0.029204122722148895,0.038716208189725876,0.0448770672082901,0.05872921645641327,0.08237183094024658,0.12144400924444199,0.1752818524837494,0.2037505805492401,0.25599437952041626,0.0237,10000
2021-10-15,13422506,0x0bc529c00c6401aef6d220be8c6ea1667f6ad93e,0xd533a949740bb3306d119cc777fa900ba034cd52,YFI-CRV,dir_share_token_a,0.18995606899261475,0.013858168385922909,0.019930526614189148,0.02384071610867977,0.03266924247145653,0.047601692378520966,0.0768248662352562,0.12117074429988861,0.15718673169612885,0.20827139914035797,0.0175,10000
2021-10-15,13422506,0x0bc529c00c6401aef6d220be8c6ea1667f6ad93e,0xd533a949740bb3306d119cc777fa900ba034cd52,YFI-CRV,median_token_value_usd,1113.2557373046875,616.5333862304688,639.4130859375,650.7803344726562,671.1473999023438,695.2889404296875,718.909912109375,737.6984252929688,750.89306640625,775.6045532226562,0.0,10000
2021-10-15,13422506,0x0bc529c00c6401aef6d220be8c6ea1667f6ad93e,0xba100000625a3754423978a60c9317c58a424e3d,YFI-BAL,avg_token_holding_share,0.22234728932380676,0.013857975602149963,0.018823640421032906,0.0221145860850811,0.029563065618276596,0.04279141128063202,0.0680304542183876,0.09539794921875,0.11165295541286469,0.14591436088085175,0.0001,10000
2021-10-15,13422506,0x0bc529c00c6401aef6d220be8c6ea1667f6ad93e,0xba100000625a3754423978a60c9317c58a424e3d,YFI-BAL,dir_share_token_a,0.2027837336063385,0.010278517380356789,0.014292573556303978,0.01728483848273754,0.024409741163253784,0.037104226648807526,0.06278237700462341,0.1009896993637085,0.14245231449604034,0.18704889714717865,0.0055,10000
2021-10-15,13422506,0x0bc529c00c6401aef6d220be8c6ea1667f6ad93e,0xba100000625a3754423978a60c9317c58a424e3d,YFI-BAL,dir_share_token_b,0.24191081523895264,0.007075943984091282,0.011949330568313599,0.015692248940467834,0.023346060886979103,0.035959623754024506,0.06436783820390701,0.13219381868839264,0.1564270257949829,0.21206459403038025,0.0053,10000
2021-10-15,13422506,0x6b3595068778dd592e39a122f4f5a5cf09c90fe2,0xba100000625a3754423978a60c9317c58a424e3d,SUSHI-BAL,avg_token_holding_share,0.21321916580200195,0.019478002563118935,0.025810610502958298,0.030066480860114098,0.03964480385184288,0.058889783918857574,0.09060420095920563,0.12778611481189728,0.18799349665641785,0.2562273144721985,0.0305,10000
2021-10-15,13422506,0x6b3595068778dd592e39a122f4f5a5cf09c90fe2,0xba100000625a3754423978a60c9317c58a424e3d,SUSHI-BAL,dir_share_token_a,0.18970713019371033,0.00585964834317565,0.008110797964036465,0.009792506694793701,0.01398078165948391,0.02330758050084114,0.048813190311193466,0.09399571269750595,0.16593129932880402,0.3737843334674835,0.049,10000
2021-10-15,13422506,0x6b3595068778dd592e39a122f4f5a5cf09c90fe2,0xba100000625a3754423978a60c9317c58a424e3d,SUSHI-BAL,dir_share_token_b,0.23673121631145477,0.023731734603643417,0.03269040584564209,0.038457803428173065,0.05155664682388306,0.07591711729764938,0.13421544432640076,0.18485337495803833,0.21301499009132385,0.2862870693206787,0.0303,10000
2021-10-15,13422506,0x5a98fcbea516cf06857215779fd812ca3bef1b32,0x6b3595068778dd592e39a122f4f5a5cf09c90fe2,LDO-SUSHI,median_token_value_usd,1227.767822265625,883.8604736328125,928.3109130859375,950.5878295898438,989.1572875976562,1034.70458984375,1086.5289306640625,1132.732666015625,1162.88330078125,1218.404541015625,0.0077,10000
2021-10-15,13422506,0x4e3fbd56cd56c3e72c1403e103b45db9da5b9d2b,0xd533a949740bb3306d119cc777fa900ba034cd52,CVX-CRV,avg_token_holding_share,0.20689764618873596,0.001138180261477828,0.0014069086173549294,0.0016228987369686365,0.0021443713922053576,0.0032571135088801384,0.018682286143302917,0.1590009480714798,0.16340722143650055,0.28583380579948425,0.0169,10000
2021-10-15,13422506,0x4e3fbd56cd56c3e72c1403e103b45db9da5b9d2b,0xd533a949740bb3306d119cc777fa900ba034cd52,CVX-CRV,dir_share_token_a,0.3389771580696106,0.0018256030743941665,0.00220566731877625,0.002532953629270196,0.003278012853115797,0.004745601676404476,0.010485576465725899,0.3157675862312317,0.32336676120758057,0.5662742257118225,0.0199,10000
2021-10-15,13422506,0x4e3fbd56cd56c3e72c1403e103b45db9da5b9d2b,0xd533a949740bb3306d119cc777fa900ba034cd52,CVX-CRV,dir_share_token_b,0.07481809705495834,0.00011672761320369318,0.0001569970918353647,0.00019120793149340898,0.00032025048858486116,0.0006858931155875325,0.0016574516193941236,0.01271605771034956,0.02386663109064102,0.21211780607700348,0.0251,10000
2021-10-15,13422506,0x4e3fbd56cd56c3e72c1403e103b45db9da5b9d2b,0xba100000625a3754423978a60c9317c58a424e3d,CVX-BAL,dir_share_token_b,0.04971323907375336,8.414260082645342e-05,0.00013845741341356188,0.00020599341951310635,0.0006370366318151355,0.0030373483896255493,0.008377398364245892,0.016870714724063873,0.031083660200238228,0.11239901185035706,0.0334,10000
2021-10-15,13422506,0x4e3fbd56cd56c3e72c1403e103b45db9da5b9d2b,0x6f40d4a6237c257fff2db00fa0510deeecd303eb,CVX-INST,gini_token_holding_share,0.9748769480276666,0.587420642375946,0.6525120139122009,0.6918103098869324,0.7673358917236328,0.8638302087783813,0.9405367374420166,0.9633851647377014,0.9686241149902344,0.9737104773521423,0.0055,10000
2021-10-15,13422506,0x4e3fbd56cd56c3e72c1403e103b45db9da5b9d2b,0x92d6c1e31e14520e676a687f0a93788b716beff5,CVX-DYDX,median_token_value_usd,12004.7958984375,5467.4814453125,6832.7509765625,7064.10205078125,7234.68212890625,7791.4375,8637.83984375,9762.21484375,10633.4619140625,12373.263671875,0.014,10000
2021-10-15,13422506,0xba100000625a3754423978a60c9317c58a424e3d,0xd533a949740bb3306d119cc777fa900ba034cd52,BAL-CRV,dir_share_token_a,0.2393476665019989,0.009006276726722717,0.015143482945859432,0.019019383937120438,0.028092307969927788,0.04301705211400986,0.07467135041952133,0.14216022193431854,0.16709966957569122,0.22442221641540527,0.0068,10000
2021-10-15,13422506,0xba100000625a3754423978a60c9317c58a424e3d,0xd533a949740bb3306d119cc777fa900ba034cd52,BAL-CRV,median_token_value_usd,404.3664855957031,285.7777099609375,292.6120300292969,296.81134033203125,305.32275390625,315.9508056640625,326.43023681640625,336.7379455566406,343.54656982421875,356.14300537109375,0.0,10000
2021-10-15,13422506,0x5a98fcbea516cf06857215779fd812ca3bef1b32,0xba100000625a3754423978a60c9317c58a424e3d,LDO-BAL,dir_share_token_b,0.17098590731620789,0.00018792647460941225,0.0003592628927435726,0.0006057662540115416,0.0020490754395723343,0.006161519326269627,0.012448116205632687,0.02670486457645893,0.05572851747274399,0.13133299350738525,0.001,10000
2021-10-15,13422506,0x5a98fcbea516cf06857215779fd812ca3bef1b32,0xba100000625a3754423978a60c9317c58a424e3d,LDO-BAL,median_token_value_usd,1184.5364990234375,676.3472290039062,707.8412475585938,726.49169921875,758.1128540039062,801.038818359375,838.169921875,887.0709838867188,922.7827758789062,986.5361328125,0.0,10000
2021-10-15,13422506,0x5a98fcbea516cf06857215779fd812ca3bef1b32,0x6f40d4a6237c257fff2db00fa0510deeecd303eb,LDO-INST,median_token_value_usd,2652.67724609375,709.4302978515625,839.7125244140625,922.9070434570312,1104.159423828125,1376.938720703125,1722.87890625,2122.691162109375,2445.658203125,3155.643310546875,0.0316,10000
2021-10-15,13422506,0x5a98fcbea516cf06857215779fd812ca3bef1b32,0x92d6c1e31e14520e676a687f0a93788b716beff5,LDO-DYDX,median_token_value_usd,12382.7734375,5920.73779296875,7061.93017578125,7083.69775390625,7308.4599609375,7642.16748046875,8134.9755859375,9007.91015625,9666.1064453125,11233.064453125,0.0022,10000
2021-11-15,13620205,0x0bc529c00c6401aef6d220be8c6ea1667f6ad93e,0x7fc66500c84a76ad7e9c93437bfc5ac33e2ddae9,YFI-AAVE,avg_token_holding_share,0.23644697666168213,0.03211377188563347,0.0402311235666275,0.04567888379096985,0.057301897555589676,0.07767577469348907,0.11403690278530121,0.15006007254123688,0.17136067152023315,0.2226635068655014,0.0054,10000
2021-11-15,13620205,0x0bc529c00c6401aef6d220be8c6ea1667f6ad93e,0x7fc66500c84a76ad7e9c93437bfc5ac33e2ddae9,YFI-AAVE,dir_share_token_a,0.27387338876724243,0.044119562953710556,0.056126102805137634,0.06391613185405731,0.08166162669658661,0.11029458791017532,0.14964497089385986,0.21722258627414703,0.25167030096054077,0.29705610871315,0.0258,10000
2021-11-15,13620205,0x0bc529c00c6401aef6d220be8c6ea1667f6ad93e,0x7fc66500c84a76ad7e9c93437bfc5ac33e2ddae9,YFI-AAVE,median_token_value_usd,1117.5433349609375,820.4476318359375,841.3485107421875,851.442626953125,868.072021484375,886.73388671875,904.3187255859375,916.1973266601562,925.6561889648438,943.3675537109375,0.0,10000
2021-11-15,13620205,0x0bc529c00c6401aef6d220be8c6ea1667f6ad93e,0x9f8f72aa9304c8b593d555f12ef6589cc3a579a2,YFI-MKR,avg_token_holding_share,0.2201204001903534,0.028261374682188034,0.03583241626620293,0.04111669585108757,0.051151346415281296,0.06663231551647186,0.090293288230896,0.12777113914489746,0.14691850543022156,0.18854933977127075,0.003,10000
2021-11-15,13620205,0x0bc529c00c6401aef6d220be8c6ea1667f6ad93e,0x9f8f72aa9304c8b593d555f12ef6589cc3a579a2,YFI-MKR,dir_share_token_a,0.2991204261779785,0.0305764339864254,0.0400843508541584,0.046886589378118515,0.061550140380859375,0.08491427451372147,0.11846289038658142,0.17748905718326569,0.21413342654705048,0.26600217819213867,0.0024,10000
2021-11-15,13620205,0x0bc529c00c6401aef6d220be8c6ea1667f6ad93e,0x9f8f72aa9304c8b593d555f12ef6589cc3a579a2,YFI-MKR,median_token_value_usd,853.3924560546875,313.17401123046875,324.50604248046875,330.06976318359375,337.61004638671875,347.76885986328125,358.1143798828125,367.2486572265625,372.8976745605469,385.5842590332031,0.0,10000
2021-11-15,13620205,0x0bc529c00c6401aef6d220be8c6ea1667f6ad93e,0x6b3595068778dd592e39a122f4f5a5cf09c90fe2,YFI-SUSHI,avg_token_holding_share,0.2708897888660431,0.02512102946639061,0.031824495643377304,0.03631450608372688,0.04717099666595459,0.06302735954523087,0.08818178623914719,0.1313439905643463,0.1988082230091095,0.2533925175666809,0.0062,10000
2021-11-15,13620205,0x0bc529c00c6401aef6d220be8c6ea1667f6ad93e,0x6b3595068778dd592e39a122f4f5a5cf09c90fe2,YFI-SUSHI,dir_share_token_a,0.2944551110267639,0.030672498047351837,0.040835991501808167,0.04759882390499115,0.06128399819135666,0.08548745512962341,0.11960194259881973,0.1823287308216095,0.21690058708190918,0.26644933223724365,0.0031,10000
2021-11-15,13620205,0x0bc529c00c6401aef6d220be8c6ea1667f6ad93e,0xd533a949740bb3306d119cc777fa900ba034cd52,YFI-CRV,dir_share_token_a,0.18828481435775757,0.014885203912854195,0.02091866172850132,0.025285352021455765,0.03432469069957733,0.05016937479376793,0.07768242061138153,0.11621516197919846,0.17159663140773773,0.2221851795911789,0.0312,10000
2021-11-15,13620205,0x0bc529c00c6401aef6d220be8c6ea1667f6ad93e,0xd533a949740bb3306d119cc777fa900ba034cd52,YFI-CRV,median_token_value_usd,1228.797607421875,681.79052734375,705.2247314453125,717.166748046875,738.4641723632812,763.3073120117188,786.3875122070312,804.6031494140625,819.4053955078125,846.990478515625,0.0,10000
2021-11-15,13620205,0x0bc529c00c6401aef6d220be8c6ea1667f6ad93e,0xba100000625a3754423978a60c9317c58a424e3d,YFI-BAL,avg_token_holding_share,0.23117338120937347,0.013556030578911304,0.01874389685690403,0.022007612511515617,0.029496870934963226,0.042381010949611664,0.06558355689048767,0.0950363501906395,0.11068840324878693,0.1478108912706375,0.0001,10000
2021-11-15,13620205,0x0bc529c00c6401aef6d220be8c6ea1667f6ad93e,0xba100000625a3754423978a60c9317c58a424e3d,YFI-BAL,dir_share_token_a,0.21015316247940063,0.00978460069745779,0.013568313792347908,0.01662382483482361,0.024156510829925537,0.036948397755622864,0.058555539697408676,0.0893181785941124,0.14365239441394806,0.19157759845256805,0.0044,10000
2021-11-15,13620205,0x0bc529c00c6401aef6d220be8c6ea1667f6ad93e,0xba100000625a3754423978a60c9317c58a424e3d,YFI-BAL,dir_share_token_b,0.2521935999393463,0.0073592783883214,0.012494155205786228,0.01611997000873089,0.023347724229097366,0.0362355038523674,0.06661924719810486,0.13041821122169495,0.1558220237493515,0.21258625388145447,0.0027,10000
2021-11-15,13620205,0x6b3595068778dd592e39a122f4f5a5cf09c90fe2,0xba100000625a3754423978a60c9317c58a424e3d,SUSHI-BAL,avg_token_holding_share,0.22686423361301422,0.02045835740864277,0.026511263102293015,0.031003419309854507,0.040960296988487244,0.05997209995985031,0.09179127961397171,0.12912043929100037,0.1865418702363968,0.25715509057044983,0.0226,10000
2021-11-15,13620205,0x6b3595068778dd592e39a122f4f5a5cf09c90fe2,0xba100000625a3754423978a60c9317c58a424e3d,SUSHI-BAL,dir_share_token_a,0.20201431214809418,0.0059102862142026424,0.00827222503721714,0.009948067367076874,0.014565244317054749,0.02445935644209385,0.04864208772778511,0.08199633657932281,0.1357131451368332,0.3871709704399109,0.048,10000
2021-11-15,13620205,0x6b3595068778dd592e39a122f4f5a5cf09c90fe2,0xba100000625a3754423978a60c9317c58a424e3d,SUSHI-BAL,dir_share_token_b,0.25171416997909546,0.023329874500632286,0.03309200704097748,0.03924218565225601,0.053203701972961426,0.07874442636966705,0.13675981760025024,0.18989777565002441,0.22007669508457184,0.2967568039894104,0.0266,10000
2021-11-15,13620205,0x4e3fbd56cd56c3e72c1403e103b45db9da5b9d2b,0xd533a949740bb3306d119cc777fa900ba034cd52,CVX-CRV,avg_token_holding_share,0.20055384933948517,0.0014764367369934916,0.001835221890360117,0.0020889563020318747,0.002722199773415923,0.004092216491699219,0.020162418484687805,0.14749740064144135,0.18637403845787048,0.29392048716545105,0.0211,10000
2021-11-15,13620205,0x4e3fbd56cd56c3e72c1403e103b45db9da5b9d2b,0xd533a949740bb3306d119cc777fa900ba034cd52,CVX-CRV,dir_share_token_a,0.3945905864238739,0.002369642024859786,0.0029338400345295668,0.003339043352752924,0.004293154925107956,0.005991461221128702,0.011886728927493095,0.29187336564064026,0.37066569924354553,0.5104466676712036,0.0152,10000
2021-11-15,13620205,0x4e3fbd56cd56c3e72c1403e103b45db9da5b9d2b,0xba100000625a3754423978a60c9317c58a424e3d,CVX-BAL,dir_share_token_b,0.050444625318050385,0.00011517158418428153,0.00019565252296160907,0.0002959260600619018,0.0009455546387471259,0.0036484564188867807,0.008783659897744656,0.01746976189315319,0.0365484394133091,0.11090459674596786,0.036,10000
2021-11-15,13620205,0x4e3fbd56cd56c3e72c1403e103b45db9da5b9d2b,0x6f40d4a6237c257fff2db00fa0510deeecd303eb,CVX-INST,dir_share_token_a,0.003030151594430208,3.989232936874032e-05,6.475610280176625e-05,8.273644925793633e-05,0.00013019453035667539,0.00022599278599955142,0.0004495523462537676,0.0011589592322707176,0.002012616489082575,0.28740227222442627,0.0333,10000
2021-11-15,13620205,0x4e3fbd56cd56c3e72c1403e103b45db9da5b9d2b,0x6f40d4a6237c257fff2db00fa0510deeecd303eb,CVX-INST,gini_token_holding_share,0.9742138590132015,0.6163135170936584,0.6794818639755249,0.7161080837249756,0.7852386832237244,0.8820827603340149,0.9477331638336182,0.9664379358291626,0.9707903265953064,0.9758535623550415,0.0183,10000
2021-11-15,13620205,0xba100000625a3754423978a60c9317c58a424e3d,0xd533a949740bb3306d119cc777fa900ba034cd52,BAL-CRV,dir_share_token_a,0.25192034244537354,0.009976592846214771,0.0160067118704319,0.02012545056641102,0.02863176167011261,0.04396515712141991,0.07834024727344513,0.13935251533985138,0.16368313133716583,0.22667613625526428,0.0041,10000
2021-11-15,13620205,0xba100000625a3754423978a60c9317c58a424e3d,0xd533a949740bb3306d119cc777fa900ba034cd52,BAL-CRV,median_token_value_usd,484.2694091796875,364.01165771484375,377.41094970703125,383.5632019042969,394.5337829589844,401.5272216796875,414.5178527832031,428.22735595703125,435.8831787109375,451.8844909667969,0.0003,10000
2021-11-15,13620205,0x5a98fcbea516cf06857215779fd812ca3bef1b32,0xba100000625a3754423978a60c9317c58a424e3d,LDO-BAL,dir_share_token_b,0.1713763177394867,0.00022094350424595177,0.00044810972758568823,0.0007730631623417139,0.0023988746106624603,0.0065204789862036705,0.01246679574251175,0.028293339535593987,0.055060796439647675,0.12954287230968475,0.0004,10000
2021-11-15,13620205,0x5a98fcbea516cf06857215779fd812ca3bef1b32,0xba100000625a3754423978a60c9317c58a424e3d,LDO-BAL,median_token_value_usd,1205.717529296875,743.0405883789062,780.81298828125,800.7509155273438,842.4532470703125,878.9515380859375,934.5028076171875,990.734375,1025.905029296875,1102.1240234375,0.0006,10000
2021-11-15,13620205,0x5a98fcbea516cf06857215779fd812ca3bef1b32,0x92d6c1e31e14520e676a687f0a93788b716beff5,LDO-DYDX,median_token_value_usd,6833.966796875,3634.603759765625,4249.263671875,4456.4814453125,4569.2177734375,4841.7138671875,5195.14453125,5627.6962890625,5940.96337890625,6785.42529296875,0.0092,10000
2021-12-15,13809597,0x0bc529c00c6401aef6d220be8c6ea1667f6ad93e,0x7fc66500c84a76ad7e9c93437bfc5ac33e2ddae9,YFI-AAVE,avg_token_holding_share,0.24506813287734985,0.03351358696818352,0.04132556542754173,0.04674214497208595,0.058173373341560364,0.07724694162607193,0.11100492626428604,0.14639922976493835,0.16655583679676056,0.2174176126718521,0.004,10000
2021-12-15,13809597,0x0bc529c00c6401aef6d220be8c6ea1667f6ad93e,0x7fc66500c84a76ad7e9c93437bfc5ac33e2ddae9,YFI-AAVE,dir_share_token_a,0.286760151386261,0.04505171999335289,0.057427700608968735,0.06584769487380981,0.083214171230793,0.10835453867912292,0.1448562741279602,0.21217451989650726,0.24604587256908417,0.29294872283935547,0.0143,10000
2021-12-15,13809597,0x0bc529c00c6401aef6d220be8c6ea1667f6ad93e,0x7fc66500c84a76ad7e9c93437bfc5ac33e2ddae9,YFI-AAVE,dir_share_token_b,0.2033761441707611,0.007983021438121796,0.01065998524427414,0.0124514764174819,0.017439275979995728,0.028212185949087143,0.05939296633005142,0.14473272860050201,0.1997850388288498,0.26579779386520386,0.0431,10000
2021-12-15,13809597,0x0bc529c00c6401aef6d220be8c6ea1667f6ad93e,0x7fc66500c84a76ad7e9c93437bfc5ac33e2ddae9,YFI-AAVE,median_token_value_usd,616.6976928710938,466.0437316894531,476.1720886230469,482.55621337890625,493.0939025878906,504.172607421875,514.9598999023438,522.0756225585938,526.9161376953125,537.5191650390625,0.0,10000
2021-12-15,13809597,0x0bc529c00c6401aef6d220be8c6ea1667f6ad93e,0x9f8f72aa9304c8b593d555f12ef6589cc3a579a2,YFI-MKR,avg_token_holding_share,0.2017487734556198,0.02858342044055462,0.03588642552495003,0.0408785380423069,0.05089464783668518,0.06600503623485565,0.0890129804611206,0.1270897537469864,0.14582982659339905,0.18203650414943695,0.0046,10000
2021-12-15,13809597,0x0bc529c00c6401aef6d220be8c6ea1667f6ad93e,0x9f8f72aa9304c8b593d555f12ef6589cc3a579a2,YFI-MKR,dir_share_token_a,0.27062660455703735,0.030614322051405907,0.0407479852437973,0.04810131713747978,0.06233495473861694,0.0843738317489624,0.11430478096008301,0.17908455431461334,0.21410027146339417,0.26416656374931335,0.0076,10000
2021-12-15,13809597,0x0bc529c00c6401aef6d220be8c6ea1667f6ad93e,0x9f8f72aa9304c8b593d555f12ef6589cc3a579a2,YFI-MKR,median_token_value_usd,603.8790283203125,204.99781799316406,210.4600830078125,214.14730834960938,220.4703369140625,227.35836791992188,233.79678344726562,239.572509765625,243.0901641845703,250.44821166992188,0.0,10000
2021-12-15,13809597,0x0bc529c00c6401aef6d220be8c6ea1667f6ad93e,0x6b3595068778dd592e39a122f4f5a5cf09c90fe2,YFI-SUSHI,avg_token_holding_share,0.29889076948165894,0.027246583253145218,0.034607212990522385,0.0393851175904274,0.049510929733514786,0.06477013230323792,0.09041814506053925,0.1312553733587265,0.17743726074695587,0.2297515720129013,0.0003,10000
2021-12-15,13809597,0x0bc529c00c6401aef6d220be8c6ea1667f6ad93e,0x6b3595068778dd592e39a122f4f5a5cf09c90fe2,YFI-SUSHI,dir_share_token_a,0.2930517792701721,0.03352424502372742,0.043461572378873825,0.05050119385123253,0.06541845202445984,0.08843056112527847,0.11903095990419388,0.17988941073417664,0.2175135314464569,0.2603195607662201,0.0023,10000
2021-12-15,13809597,0x0bc529c00c6401aef6d220be8c6ea1667f6ad93e,0x6b3595068778dd592e39a122f4f5a5cf09c90fe2,YFI-SUSHI,dir_share_token_b,0.30472975969314575,0.008203704841434956,0.011454904451966286,0.013578019104897976,0.01890375092625618,0.030721530318260193,0.05434701591730118,0.11177106946706772,0.2875837981700897,0.33610624074935913,0.0283,10000
2021-12-15,13809597,0x0bc529c00c6401aef6d220be8c6ea1667f6ad93e,0xd533a949740bb3306d119cc777fa900ba034cd52,YFI-CRV,dir_share_token_a,0.20914238691329956,0.016702884808182716,0.023244401440024376,0.027780108153820038,0.03888621926307678,0.05602896213531494,0.0808885246515274,0.11752450466156006,0.1758323460817337,0.2207658588886261,0.0168,10000
2021-12-15,13809597,0x0bc529c00c6401aef6d220be8c6ea1667f6ad93e,0xd533a949740bb3306d119cc777fa900ba034cd52,YFI-CRV,median_token_value_usd,965.2017822265625,520.1410522460938,537.9072875976562,547.6646728515625,562.1812133789062,579.650390625,597.7211303710938,614.6871948242188,624.383056640625,642.6982421875,0.0,10000
2021-12-15,13809597,0x0bc529c00c6401aef6d220be8c6ea1667f6ad93e,0xba100000625a3754423978a60c9317c58a424e3d,YFI-BAL,avg_token_holding_share,0.23080864548683167,0.013707070611417294,0.01910122111439705,0.022637199610471725,0.03005627542734146,0.04146333783864975,0.0635017678141594,0.09426185488700867,0.10937415063381195,0.14173592627048492,0.0,10000
2021-12-15,13809597,0x0bc529c00c6401aef6d220be8c6ea1667f6ad93e,0xba100000625a3754423978a60c9317c58a424e3d,YFI-BAL,dir_share_token_a,0.2275247871875763,0.008981334045529366,0.0134370606392622,0.016684943810105324,0.024079354479908943,0.03676113113760948,0.057195208966732025,0.08433928340673447,0.13907811045646667,0.18902523815631866,0.0011,10000
2021-12-15,13809597,0x0bc529c00c6401aef6d220be8c6ea1667f6ad93e,0xba100000625a3754423978a60c9317c58a424e3d,YFI-BAL,dir_share_token_b,0.23409250378608704,0.0074130091816186905,0.012536243535578251,0.016093647107481956,0.02418595179915428,0.03759470582008362,0.062249407172203064,0.12476601451635361,0.15608260035514832,0.20613233745098114,0.0055,10000
2021-12-15,13809597,0x4e3fbd56cd56c3e72c1403e103b45db9da5b9d2b,0x6b3595068778dd592e39a122f4f5a5cf09c90fe2,CVX-SUSHI,dir_share_token_b,0.04298060014843941,0.0003585542435757816,0.0005649261875078082,0.0007912332657724619,0.0014905373100191355,0.003049549413844943,0.0061799269169569016,0.017651380971074104,0.029460826888680458,0.276204913854599,0.0402,10000
2021-12-15,13809597,0x6b3595068778dd592e39a122f4f5a5cf09c90fe2,0xba100000625a3754423978a60c9317c58a424e3d,SUSHI-BAL,avg_token_holding_share,0.23653410375118256,0.022399259731173515,0.02943352796137333,0.033657800406217575,0.0437331385910511,0.06103873252868652,0.09418709576129913,0.1317594051361084,0.17339949309825897,0.23531189560890198,0.0094,10000
2021-12-15,13809597,0x6b3595068778dd592e39a122f4f5a5cf09c90fe2,0xba100000625a3754423978a60c9317c58a424e3d,SUSHI-BAL,dir_share_token_a,0.2405301183462143,0.006888506468385458,0.009634819813072681,0.011381068266928196,0.01596524566411972,0.02641746774315834,0.04604358598589897,0.10293224453926086,0.16656501591205597,0.3241351842880249,0.0476,10000
2021-12-15,13809597,0x6b3595068778dd592e39a122f4f5a5cf09c90fe2,0xba100000625a3754423978a60c9317c58a424e3d,SUSHI-BAL,dir_share_token_b,0.23253807425498962,0.02611931599676609,0.03640412166714668,0.04313459247350693,0.05723375082015991,0.08128178864717484,0.13745558261871338,0.19143061339855194,0.2221715897321701,0.2871359586715698,0.0404,10000
2021-12-15,13809597,0x4e3fbd56cd56c3e72c1403e103b45db9da5b9d2b,0xd533a949740bb3306d119cc777fa900ba034cd52,CVX-CRV,avg_token_holding_share,0.2603321671485901,0.0012833850923925638,0.0016127248527482152,0.001872980734333396,0.002471240470185876,0.003949031699448824,0.021740632131695747,0.13834908604621887,0.20678824186325073,0.3038215935230255,0.0113,10000
2021-12-15,13809597,0x4e3fbd56cd56c3e72c1403e103b45db9da5b9d2b,0xd533a949740bb3306d119cc777fa900ba034cd52,CVX-CRV,dir_share_token_a,0.44421154260635376,0.001978732878342271,0.0024876513052731752,0.002833570586517453,0.003709380514919758,0.005519370548427105,0.021193714812397957,0.27258917689323425,0.41195398569107056,0.4693607985973358,0.0144,10000
2021-12-15,13809597,0x4e3fbd56cd56c3e72c1403e103b45db9da5b9d2b,0xd533a949740bb3306d119cc777fa900ba034cd52,CVX-CRV,dir_share_token_b,0.07645270973443985,0.00016555722686462104,0.00021396952797658741,0.0002609615621622652,0.00040557378088124096,0.0009420200949534774,0.0020819942001253366,0.01407339982688427,0.021560126915574074,0.3606538474559784,0.0224,10000
2021-12-15,13809597,0x4e3fbd56cd56c3e72c1403e103b45db9da5b9d2b,0x6f40d4a6237c257fff2db00fa0510deeecd303eb,CVX-INST,gini_token_holding_share,0.9764941716950615,0.6145452260971069,0.6789289712905884,0.7154844403266907,0.7906017899513245,0.888595700263977,0.9500744938850403,0.9673619866371155,0.9712150692939758,0.9757714867591858,0.0068,10000
2021-12-15,13809597,0xba100000625a3754423978a60c9317c58a424e3d,0xd533a949740bb3306d119cc777fa900ba034cd52,BAL-CRV,dir_share_token_a,0.2362152636051178,0.011673249304294586,0.018669337034225464,0.02334475703537464,0.03319709375500679,0.04942344129085541,0.08582217991352081,0.14820034801959991,0.1748378872871399,0.24228402972221375,0.0118,10000
2021-12-15,13809597,0xba100000625a3754423978a60c9317c58a424e3d,0xd533a949740bb3306d119cc777fa900ba034cd52,BAL-CRV,median_token_value_usd,407.51080322265625,292.8849182128906,304.8120422363281,311.2765808105469,323.20941162109375,336.14801025390625,347.4869079589844,357.96856689453125,365.1520080566406,373.67059326171875,0.0,10000
2021-12-15,13809597,0x5a98fcbea516cf06857215779fd812ca3bef1b32,0xba100000625a3754423978a60c9317c58a424e3d,LDO-BAL,dir_share_token_b,0.15531383454799652,0.00021526195632759482,0.0004536007472779602,0.0008020070381462574,0.0026295282877981663,0.006908181123435497,0.013523049652576447,0.028575483709573746,0.05647925287485123,0.13454747200012207,0.0025,10000
2021-12-15,13809597,0x5a98fcbea516cf06857215779fd812ca3bef1b32,0xba100000625a3754423978a60c9317c58a424e3d,LDO-BAL,median_token_value_usd,800.6134643554688,511.8039245605469,537.1781005859375,550.377197265625,574.4219360351562,604.0028076171875,634.1500244140625,671.1661376953125,695.592529296875,739.7466430664062,0.0008,10000
2022-01-15,14009885,0x0bc529c00c6401aef6d220be8c6ea1667f6ad93e,0x7fc66500c84a76ad7e9c93437bfc5ac33e2ddae9,YFI-AAVE,avg_token_holding_share,0.28394991159439087,0.0331341028213501,0.041212208569049835,0.046783946454524994,0.05841583386063576,0.07622824609279633,0.10935963690280914,0.14699265360832214,0.166805237531662,0.2183259278535843,0.0005,10000
2022-01-15,14009885,0x0bc529c00c6401aef6d220be8c6ea1667f6ad93e,0x7fc66500c84a76ad7e9c93437bfc5ac33e2ddae9,YFI-AAVE,dir_share_token_a,0.33127135038375854,0.04626903310418129,0.05794356390833855,0.06612253934144974,0.08337583392858505,0.10938279330730438,0.1430867463350296,0.20633308589458466,0.2401563823223114,0.2936948537826538,0.0013,10000
2022-01-15,14009885,0x0bc529c00c6401aef6d220be8c6ea1667f6ad93e,0x7fc66500c84a76ad7e9c93437bfc5ac33e2ddae9,YFI-AAVE,dir_share_token_b,0.23662853240966797,0.007981195114552975,0.010252151638269424,0.012042127549648285,0.01679055020213127,0.02889186516404152,0.058201320469379425,0.14314478635787964,0.2029302567243576,0.2523973882198334,0.0163,10000
2022-01-15,14009885,0x0bc529c00c6401aef6d220be8c6ea1667f6ad93e,0x7fc66500c84a76ad7e9c93437bfc5ac33e2ddae9,YFI-AAVE,median_token_value_usd,898.7357788085938,684.427734375,698.7300415039062,705.5516357421875,717.5530395507812,728.7197875976562,742.7039184570312,756.1279907226562,763.846435546875,781.6641845703125,0.0,10000
2022-01-15,14009885,0x0bc529c00c6401aef6d220be8c6ea1667f6ad93e,0x6b3595068778dd592e39a122f4f5a5cf09c90fe2,YFI-SUSHI,avg_token_holding_share,0.2840880751609802,0.02836758829653263,0.03566167503595352,0.04062291234731674,0.05071553587913513,0.0658009946346283,0.08852440118789673,0.12965628504753113,0.18955039978027344,0.24699147045612335,0.0031,10000
2022-01-15,14009885,0x0bc529c00c6401aef6d220be8c6ea1667f6ad93e,0x6b3595068778dd592e39a122f4f5a5cf09c90fe2,YFI-SUSHI,dir_share_token_a,0.3129880428314209,0.03438902646303177,0.045450691133737564,0.05287879332900047,0.06756354123353958,0.09047228842973709,0.12185603380203247,0.180940181016922,0.2175162136554718,0.26408651471138,0.0008,10000
2022-01-15,14009885,0x0bc529c00c6401aef6d220be8c6ea1667f6ad93e,0xd533a949740bb3306d119cc777fa900ba034cd52,YFI-CRV,dir_share_token_a,0.23619380593299866,0.019401483237743378,0.026668356731534004,0.03132037818431854,0.0418546199798584,0.059823259711265564,0.08605599403381348,0.12445790320634842,0.1750824898481369,0.21995972096920013,0.0043,10000
2022-01-15,14009885,0x0bc529c00c6401aef6d220be8c6ea1667f6ad93e,0xd533a949740bb3306d119cc777fa900ba034cd52,YFI-CRV,median_token_value_usd,1458.064697265625,754.177001953125,777.9783935546875,790.4114990234375,811.1152954101562,835.9486083984375,859.3644409179688,882.2993774414062,896.7030029296875,926.3007202148438,0.0,10000
2022-01-15,14009885,0x0bc529c00c6401aef6d220be8c6ea1667f6ad93e,0xba100000625a3754423978a60c9317c58a424e3d,YFI-BAL,avg_token_holding_share,0.24161458015441895,0.014272200874984264,0.01935904286801815,0.02281867153942585,0.029984083026647568,0.04187486693263054,0.06174464523792267,0.09266050159931183,0.10784128308296204,0.14301684498786926,0.0001,10000
2022-01-15,14009885,0x0bc529c00c6401aef6d220be8c6ea1667f6ad93e,0xba100000625a3754423978a60c9317c58a424e3d,YFI-BAL,dir_share_token_a,0.24247822165489197,0.009711322374641895,0.013444182462990284,0.016546126455068588,0.023573584854602814,0.03576817736029625,0.057291243225336075,0.08266538381576538,0.12226565927267075,0.19044776260852814,0.0004,10000
2022-01-15,14009885,0x0bc529c00c6401aef6d220be8c6ea1667f6ad93e,0xba100000625a3754423978a60c9317c58a424e3d,YFI-BAL,dir_share_token_b,0.24075093865394592,0.007925502955913544,0.013524012640118599,0.017259890213608742,0.025289244949817657,0.038160089403390884,0.06292404234409332,0.12401515990495682,0.15178561210632324,0.19857485592365265,0.0035,10000
2022-01-15,14009885,0x0bc529c00c6401aef6d220be8c6ea1667f6ad93e,0x5a98fcbea516cf06857215779fd812ca3bef1b32,YFI-LDO,median_token_value_usd,1137.3433837890625,769.0839233398438,815.6127319335938,844.3065795898438,893.3790283203125,950.3453979492188,1010.1160888671875,1070.394775390625,1109.3973388671875,1194.35498046875,0.0315,10000
2022-01-15,14009885,0x4e3fbd56cd56c3e72c1403e103b45db9da5b9d2b,0x6b3595068778dd592e39a122f4f5a5cf09c90fe2,CVX-SUSHI,dir_share_token_b,0.048460301011800766,0.0004977404023520648,0.0007981415255926549,0.001082912553101778,0.002000275067985058,0.004394017159938812,0.008484532125294209,0.018869422376155853,0.04158779978752136,0.30720266699790955,0.0385,10000
2022-01-15,14009885,0x6b3595068778dd592e39a122f4f5a5cf09c90fe2,0xba100000625a3754423978a60c9317c58a424e3d,SUSHI-BAL,avg_token_holding_share,0.21041442453861237,0.022780198603868484,0.02941896952688694,0.03421950712800026,0.04423920810222626,0.06150045990943909,0.0915103405714035,0.12657852470874786,0.17561642825603485,0.2451591193675995,0.0245,10000
2022-01-15,14009885,0x6b3595068778dd592e39a122f4f5a5cf09c90fe2,0xba100000625a3754423978a60c9317c58a424e3d,SUSHI-BAL,dir_share_token_a,0.1826344132423401,0.006377039477229118,0.009392648935317993,0.01149254571646452,0.01620938815176487,0.02490156516432762,0.04495168477296829,0.07679750770330429,0.11932076513767242,0.35135936737060547,0.0452,10000
2022-01-15,14009885,0x6b3595068778dd592e39a122f4f5a5cf09c90fe2,0xba100000625a3754423978a60c9317c58a424e3d,SUSHI-BAL,dir_share_token_b,0.23819440603256226,0.026946788653731346,0.03695562854409218,0.04431774467229843,0.059409696608781815,0.08431656658649445,0.13845494389533997,0.18977001309394836,0.2189403474330902,0.28937384486198425,0.0327,10000
2022-01-15,14009885,0x4e3fbd56cd56c3e72c1403e103b45db9da5b9d2b,0xd533a949740bb3306d119cc777fa900ba034cd52,CVX-CRV,avg_token_holding_share,0.287593811750412,0.0013985364930704236,0.0018237970070913434,0.002151807537302375,0.0030443386640399694,0.005754532292485237,0.020535416901111603,0.1341232806444168,0.22697405517101288,0.31522008776664734,0.0121,10000
2022-01-15,14009885,0x4e3fbd56cd56c3e72c1403e103b45db9da5b9d2b,0xd533a949740bb3306d119cc777fa900ba034cd52,CVX-CRV,dir_share_token_a,0.4926665723323822,0.0020064471755176783,0.0026039963122457266,0.0030600191093981266,0.004242075607180595,0.007121353410184383,0.025347527116537094,0.2574024498462677,0.45177969336509705,0.6265929341316223,0.0106,10000
2022-01-15,14009885,0x4e3fbd56cd56c3e72c1403e103b45db9da5b9d2b,0xd533a949740bb3306d119cc777fa900ba034cd52,CVX-CRV,dir_share_token_b,0.08252103626728058,0.00022675920627079904,0.00030395036446861923,0.0003781895211432129,0.0006182937067933381,0.0012618615292012691,0.0030184180941432714,0.01585357077419758,0.024738598614931107,0.3456006944179535,0.0238,10000
2022-01-15,14009885,0x4e3fbd56cd56c3e72c1403e103b45db9da5b9d2b,0xba100000625a3754423978a60c9317c58a424e3d,CVX-BAL,dir_share_token_b,0.045097287744283676,0.00016946354298852384,0.00032659160206094384,0.0005537569522857666,0.001834796043112874,0.005553368013352156,0.011417271569371223,0.023842712864279747,0.03987596184015274,0.12606491148471832,0.0472,10000
2022-01-15,14009885,0x4e3fbd56cd56c3e72c1403e103b45db9da5b9d2b,0x6f40d4a6237c257fff2db00fa0510deeecd303eb,CVX-INST,gini_token_holding_share,0.9770853763259579,0.6543381214141846,0.7162045240402222,0.7560243010520935,0.832858681678772,0.9136453866958618,0.9605607390403748,0.9728659391403198,0.9760463237762451,0.9796956181526184,0.0343,10000
2022-01-15,14009885,0xba100000625a3754423978a60c9317c58a424e3d,0xd533a949740bb3306d119cc777fa900ba034cd52,BAL-CRV,dir_share_token_a,0.24210712313652039,0.013871467672288418,0.021001111716032028,0.025840947404503822,0.036275334656238556,0.05339428782463074,0.08894272893667221,0.1490393877029419,0.17497952282428741,0.23531974852085114,0.0084,10000
2022-01-15,14009885,0xba100000625a3754423978a60c9317c58a424e3d,0xd533a949740bb3306d119cc777fa900ba034cd52,BAL-CRV,median_token_value_usd,532.5162963867188,376.6810302734375,391.3536682128906,399.5674133300781,413.91033935546875,429.81719970703125,445.31353759765625,461.7459411621094,472.1934509277344,488.4136657714844,0.0,10000
2022-01-15,14009885,0x5a98fcbea516cf06857215779fd812ca3bef1b32,0xba100000625a3754423978a60c9317c58a424e3d,LDO-BAL,dir_share_token_b,0.15580637753009796,0.00024245718668680638,0.0004884908557869494,0.0008533833897672594,0.0026337094604969025,0.006983781699091196,0.013719220645725727,0.026735760271549225,0.04805119335651398,0.12914559245109558,0.0012,10000
2022-01-15,14009885,0x5a98fcbea516cf06857215779fd812ca3bef1b32,0xba100000625a3754423978a60c9317c58a424e3d,LDO-BAL,median_token_value_usd,762.3831176757812,446.02783203125,470.8136901855469,484.5355224609375,506.9725036621094,532.5982666015625,566.9994506835938,600.5164184570312,622.4818115234375,663.7998046875,0.0001,10000
2022-01-15,14009885,0x5a98fcbea516cf06857215779fd812ca3bef1b32,0x92d6c1e31e14520e676a687f0a93788b716beff5,LDO-DYDX,median_token_value_usd,2626.5341796875,1069.3082275390625,1199.5775146484375,1272.57861328125,1402.0557861328125,1566.32275390625,1756.6611328125,1963.4580078125,2110.051513671875,2378.05810546875,0.0003,10000
2022-02-15,14210564,0x0bc529c00c6401aef6d220be8c6ea1667f6ad93e,0x7fc66500c84a76ad7e9c93437bfc5ac33e2ddae9,YFI-AAVE,avg_token_holding_share,0.28089770674705505,0.032418351620435715,0.04132995754480362,0.046870239078998566,0.059026602655649185,0.07861637324094772,0.10997284948825836,0.14442096650600433,0.16603663563728333,0.21002914011478424,0.0,10000
2022-02-15,14210564,0x0bc529c00c6401aef6d220be8c6ea1667f6ad93e,0x7fc66500c84a76ad7e9c93437bfc5ac33e2ddae9,YFI-AAVE,dir_share_token_a,0.33509111404418945,0.043054450303316116,0.05637972429394722,0.0654788687825203,0.08386986702680588,0.11096423864364624,0.1496928632259369,0.2013922780752182,0.22963379323482513,0.27762481570243835,0.0013,10000
2022-02-15,14210564,0x0bc529c00c6401aef6d220be8c6ea1667f6ad93e,0x7fc66500c84a76ad7e9c93437bfc5ac33e2ddae9,YFI-AAVE,dir_share_token_b,0.22670426964759827,0.008001105859875679,0.010502401739358902,0.012325509451329708,0.01760609820485115,0.029828596860170364,0.05890370532870293,0.14322251081466675,0.1952284574508667,0.24577003717422485,0.0175,10000
2022-02-15,14210564,0x0bc529c00c6401aef6d220be8c6ea1667f6ad93e,0x7fc66500c84a76ad7e9c93437bfc5ac33e2ddae9,YFI-AAVE,median_token_value_usd,641.9967041015625,477.4690246582031,488.3967590332031,493.8026428222656,502.98431396484375,512.8587646484375,520.5144653320312,529.3375244140625,534.4940795898438,545.8439331054688,0.0,10000
2022-02-15,14210564,0x0bc529c00c6401aef6d220be8c6ea1667f6ad93e,0x6b3595068778dd592e39a122f4f5a5cf09c90fe2,YFI-SUSHI,avg_token_holding_share,0.30001527070999146,0.028323864564299583,0.035855937749147415,0.04076527804136276,0.051472462713718414,0.06801629066467285,0.09258235991001129,0.129518523812294,0.18244771659374237,0.23800145089626312,0.0006,10000
2022-02-15,14210564,0x0bc529c00c6401aef6d220be8c6ea1667f6ad93e,0x6b3595068778dd592e39a122f4f5a5cf09c90fe2,YFI-SUSHI,dir_share_token_a,0.321361780166626,0.03343573585152626,0.044447582215070724,0.052306756377220154,0.06823337078094482,0.09358686953783035,0.1275988519191742,0.17950263619422913,0.2127370685338974,0.261859267950058,0.0007,10000
2022-02-15,14210564,0x0bc529c00c6401aef6d220be8c6ea1667f6ad93e,0xd533a949740bb3306d119cc777fa900ba034cd52,YFI-CRV,dir_share_token_a,0.24536749720573425,0.018434492871165276,0.026539964601397514,0.03208831325173378,0.04399491846561432,0.062967449426651,0.09172817319631577,0.13545498251914978,0.16865400969982147,0.2199438512325287,0.0035,10000
2022-02-15,14210564,0x0bc529c00c6401aef6d220be8c6ea1667f6ad93e,0xd533a949740bb3306d119cc777fa900ba034cd52,YFI-CRV,median_token_value_usd,898.02490234375,469.25567626953125,481.83392333984375,488.6280517578125,500.9233703613281,514.754150390625,529.4345703125,543.5689697265625,551.989501953125,568.9364013671875,0.0,10000
2022-02-15,14210564,0x0bc529c00c6401aef6d220be8c6ea1667f6ad93e,0xba100000625a3754423978a60c9317c58a424e3d,YFI-BAL,avg_token_holding_share,0.25136807560920715,0.01362781971693039,0.018937978893518448,0.02258484438061714,0.03007802739739418,0.04220622032880783,0.06247646361589432,0.09084374457597733,0.10555429011583328,0.13615302741527557,0.0,10000
2022-02-15,14210564,0x0bc529c00c6401aef6d220be8c6ea1667f6ad93e,0xba100000625a3754423978a60c9317c58a424e3d,YFI-BAL,dir_share_token_a,0.2542092204093933,0.008795212022960186,0.012682957574725151,0.015747761353850365,0.022853553295135498,0.035813108086586,0.05818822607398033,0.08610087633132935,0.12202362716197968,0.1760251820087433,0.0,10000
2022-02-15,14210564,0x0bc529c00c6401aef6d220be8c6ea1667f6ad93e,0xba100000625a3754423978a60c9317c58a424e3d,YFI-BAL,dir_share_token_b,0.2485269010066986,0.00796279776841402,0.01364996936172247,0.017324570566415787,0.025447474792599678,0.0392911359667778,0.06346596032381058,0.1199767142534256,0.150905042886734,0.19319044053554535,0.0023,10000
2022-02-15,14210564,0x0bc529c00c6401aef6d220be8c6ea1667f6ad93e,0xba100000625a3754423978a60c9317c58a424e3d,YFI-BAL,gini_token_holding_share,0.9946358321654333,0.9724444150924683,0.9785194993019104,0.9808892011642456,0.9845432639122009,0.9879134893417358,0.9912150502204895,0.993873655796051,0.9945234060287476,0.9953644275665283,0.0429,10000
2022-02-15,14210564,0x0bc529c00c6401aef6d220be8c6ea1667f6ad93e,0x5a98fcbea516cf06857215779fd812ca3bef1b32,YFI-LDO,median_token_value_usd,789.5277709960938,530.0172119140625,561.6491088867188,579.943359375,615.059326171875,654.6311645507812,697.0216674804688,734.2378540039062,762.6416625976562,816.5220947265625,0.0231,10000
2022-02-15,14210564,0x4e3fbd56cd56c3e72c1403e103b45db9da5b9d2b,0x6b3595068778dd592e39a122f4f5a5cf09c90fe2,CVX-SUSHI,dir_share_token_b,0.05651543289422989,0.0005000224919058383,0.0008535701781511307,0.0011932458728551865,0.00230407458730042,0.004704729653894901,0.008884983137249947,0.021710680797696114,0.042652297765016556,0.2884331941604614,0.0247,10000
2022-02-15,14210564,0x6b3595068778dd592e39a122f4f5a5cf09c90fe2,0xba100000625a3754423978a60c9317c58a424e3d,SUSHI-BAL,avg_token_holding_share,0.22758010029792786,0.02375127747654915,0.03069402277469635,0.03533075377345085,0.045394036918878555,0.06321372836828232,0.09382245689630508,0.13118189573287964,0.17504294216632843,0.24152539670467377,0.0145,10000
2022-02-15,14210564,0x6b3595068778dd592e39a122f4f5a5cf09c90fe2,0xba100000625a3754423978a60c9317c58a424e3d,SUSHI-BAL,dir_share_token_a,0.20191583037376404,0.006894019898027182,0.009727682918310165,0.011790035292506218,0.016365323215723038,0.024748535826802254,0.04695848003029823,0.08427315950393677,0.14208506047725677,0.33600345253944397,0.0485,10000
2022-02-15,14210564,0x6b3595068778dd592e39a122f4f5a5cf09c90fe2,0xba100000625a3754423978a60c9317c58a424e3d,SUSHI-BAL,dir_share_token_b,0.25324440002441406,0.028005706146359444,0.038936685770750046,0.04600068926811218,0.061233364045619965,0.08632120490074158,0.14091791212558746,0.1940375119447708,0.2252199947834015,0.2909156084060669,0.028,10000
2022-02-15,14210564,0x4e3fbd56cd56c3e72c1403e103b45db9da5b9d2b,0xd533a949740bb3306d119cc777fa900ba034cd52,CVX-CRV,avg_token_holding_share,0.26907551288604736,0.0012811269843950868,0.0017425611149519682,0.0020901428069919348,0.0028905528597533703,0.005603493191301823,0.028380900621414185,0.13483020663261414,0.23782892525196075,0.3186247646808624,0.0151,10000
2022-02-15,14210564,0x4e3fbd56cd56c3e72c1403e103b45db9da5b9d2b,0xd533a949740bb3306d119cc777fa900ba034cd52,CVX-CRV,dir_share_token_a,0.5192779302597046,0.0017457065405324101,0.002370456699281931,0.0029092479962855577,0.004074780270457268,0.00660322792828083,0.04044702649116516,0.2475007027387619,0.4730393886566162,0.6321437358856201,0.0124,10000
2022-02-15,14210564,0x4e3fbd56cd56c3e72c1403e103b45db9da5b9d2b,0x6f40d4a6237c257fff2db00fa0510deeecd303eb,CVX-INST,gini_token_holding_share,0.9769553624956205,0.6754239797592163,0.7359207272529602,0.7728727459907532,0.8460633158683777,0.9228692054748535,0.9625939726829529,0.9739536643028259,0.9769452810287476,0.9808560013771057,0.0499,10000
2022-02-15,14210564,0x4e3fbd56cd56c3e72c1403e103b45db9da5b9d2b,0x92d6c1e31e14520e676a687f0a93788b716beff5,CVX-DYDX,median_token_value_usd,2094.1669921875,950.2984619140625,1089.0655517578125,1168.3961181640625,1315.406005859375,1503.9794921875,1692.4931640625,1915.9022216796875,2052.316162109375,2350.803466796875,0.0403,10000
2022-02-15,14210564,0xba100000625a3754423978a60c9317c58a424e3d,0xd533a949740bb3306d119cc777fa900ba034cd52,BAL-CRV,dir_share_token_a,0.24116656184196472,0.014911106787621975,0.02237745374441147,0.027514148503541946,0.038707129657268524,0.05661994218826294,0.09491854161024094,0.1508626490831375,0.17754362523555756,0.23683297634124756,0.0092,10000
2022-02-15,14210564,0xba100000625a3754423978a60c9317c58a424e3d,0xd533a949740bb3306d119cc777fa900ba034cd52,BAL-CRV,median_token_value_usd,332.2630310058594,244.6165313720703,253.60040283203125,258.2797546386719,267.08477783203125,277.918701171875,287.5929260253906,296.0401916503906,301.1824035644531,309.751708984375,0.0,10000
2022-02-15,14210564,0x5a98fcbea516cf06857215779fd812ca3bef1b32,0xba100000625a3754423978a60c9317c58a424e3d,LDO-BAL,dir_share_token_b,0.15472126007080078,0.00023734223213978112,0.0004968089633621275,0.0008718100725673139,0.0027824921999126673,0.007159609347581863,0.01415236759930849,0.027474654838442802,0.051054224371910095,0.12935137748718262,0.0014,10000
2022-02-15,14210564,0x5a98fcbea516cf06857215779fd812ca3bef1b32,0xba100000625a3754423978a60c9317c58a424e3d,LDO-BAL,median_token_value_usd,586.6296997070312,320.64190673828125,337.3019104003906,348.4280090332031,362.86834716796875,384.75677490234375,410.5595397949219,434.6346130371094,450.7983703613281,484.0022277832031,0.0,10000
2022-02-15,14210564,0x5a98fcbea516cf06857215779fd812ca3bef1b32,0xd533a949740bb3306d119cc777fa900ba034cd52,LDO-CRV,median_token_value_usd,950.6212158203125,687.5009155273438,724.0209350585938,744.1629028320312,779.939453125,821.818115234375,868.4373779296875,907.3494873046875,932.1043090820312,977.8875122070312,0.028,10000
2022-02-15,14210564,0x5a98fcbea516cf06857215779fd812ca3bef1b32,0x92d6c1e31e14520e676a687f0a93788b716beff5,LDO-DYDX,median_token_value_usd,2055.325927734375,766.7998657226562,851.0638427734375,898.3920288085938,979.7228393554688,1087.22802734375,1217.2203369140625,1342.6260986328125,1431.6851806640625,1615.6395263671875,0.0003,10000
2022-02-15,14210564,0x6f40d4a6237c257fff2db00fa0510deeecd303eb,0x92d6c1e31e14520e676a687f0a93788b716beff5,INST-DYDX,median_token_value_usd,901.01416015625,284.4906311035156,355.11700439453125,391.744873046875,469.8645935058594,569.8232421875,714.1796875,814.0825805664062,895.4034423828125,1144.6605224609375,0.048,10000
2022-03-15,14391029,0x0bc529c00c6401aef6d220be8c6ea1667f6ad93e,0x7fc66500c84a76ad7e9c93437bfc5ac33e2ddae9,YFI-AAVE,avg_token_holding_share,0.2762076258659363,0.032148294150829315,0.040813952684402466,0.04660006985068321,0.05868550390005112,0.07883411645889282,0.11057312041521072,0.1427997499704361,0.16480211913585663,0.2102353423833847,0.0007,10000
2022-03-15,14391029,0x0bc529c00c6401aef6d220be8c6ea1667f6ad93e,0x7fc66500c84a76ad7e9c93437bfc5ac33e2ddae9,YFI-AAVE,dir_share_token_a,0.31490105390548706,0.04243478178977966,0.05582699179649353,0.06454341858625412,0.08375853300094604,0.11066634953022003,0.1498185247182846,0.20301048457622528,0.23151040077209473,0.2785545885562897,0.0023,10000
2022-03-15,14391029,0x0bc529c00c6401aef6d220be8c6ea1667f6ad93e,0x7fc66500c84a76ad7e9c93437bfc5ac33e2ddae9,YFI-AAVE,dir_share_token_b,0.2375141978263855,0.007822106592357159,0.010171782225370407,0.011862694285809994,0.01660265401005745,0.028273578733205795,0.06172727420926094,0.14025233685970306,0.19009709358215332,0.2601723372936249,0.0142,10000
2022-03-15,14391029,0x0bc529c00c6401aef6d220be8c6ea1667f6ad93e,0x7fc66500c84a76ad7e9c93437bfc5ac33e2ddae9,YFI-AAVE,median_token_value_usd,457.0146484375,342.89788818359375,350.8807067871094,354.697509765625,361.018798828125,366.99334716796875,373.2259521484375,379.4443359375,383.4664306640625,391.5574035644531,0.0,10000
2022-03-15,14391029,0x0bc529c00c6401aef6d220be8c6ea1667f6ad93e,0x9f8f72aa9304c8b593d555f12ef6589cc3a579a2,YFI-MKR,avg_token_holding_share,0.17339889705181122,0.026673708111047745,0.03450325131416321,0.03930773586034775,0.04925690218806267,0.0644744262099266,0.08786390721797943,0.12033917009830475,0.14203250408172607,0.18238206207752228,0.0144,10000
2022-03-15,14391029,0x0bc529c00c6401aef6d220be8c6ea1667f6ad93e,0x9f8f72aa9304c8b593d555f12ef6589cc3a579a2,YFI-MKR,dir_share_token_a,0.22089281678199768,0.0275109950453043,0.03738418221473694,0.04396961256861687,0.05867558717727661,0.08100971579551697,0.11402421444654465,0.1622767597436905,0.19206292927265167,0.23882906138896942,0.0214,10000
2022-03-15,14391029,0x0bc529c00c6401aef6d220be8c6ea1667f6ad93e,0x9f8f72aa9304c8b593d555f12ef6589cc3a579a2,YFI-MKR,median_token_value_usd,456.30877685546875,156.04336547851562,161.0921173095703,164.34011840820312,169.49349975585938,175.2041015625,180.03797912597656,184.78048706054688,186.86549377441406,192.2728729248047,0.0,10000
2022-03-15,14391029,0x0bc529c00c6401aef6d220be8c6ea1667f6ad93e,0x6b3595068778dd592e39a122f4f5a5cf09c90fe2,YFI-SUSHI,avg_token_holding_share,0.2725738286972046,0.02921159379184246,0.036991506814956665,0.04238827899098396,0.05294749140739441,0.06878488510847092,0.09185609966516495,0.12655286490917206,0.18442119657993317,0.24141541123390198,0.0028,10000
2022-03-15,14391029,0x0bc529c00c6401aef6d220be8c6ea1667f6ad93e,0x6b3595068778dd592e39a122f4f5a5cf09c90fe2,YFI-SUSHI,dir_share_token_a,0.3087508976459503,0.03468761593103409,0.04574484005570412,0.05388299748301506,0.07001867145299911,0.09432975947856903,0.12915697693824768,0.17766080796718597,0.20575495064258575,0.2570061683654785,0.0008,10000
2022-03-15,14391029,0x0bc529c00c6401aef6d220be8c6ea1667f6ad93e,0xd533a949740bb3306d119cc777fa900ba034cd52,YFI-CRV,dir_share_token_a,0.23478393256664276,0.020055050030350685,0.027631687000393867,0.03320528194308281,0.045239150524139404,0.06543794274330139,0.09405632317066193,0.140127494931221,0.1700759381055832,0.21645598113536835,0.0049,10000
2022-03-15,14391029,0x0bc529c00c6401aef6d220be8c6ea1667f6ad93e,0xd533a949740bb3306d119cc777fa900ba034cd52,YFI-CRV,median_token_value_usd,570.212646484375,306.51385498046875,315.87628173828125,320.82269287109375,329.4705810546875,339.29974365234375,349.75421142578125,359.12884521484375,364.9104919433594,375.50048828125,0.0,10000
2022-03-15,14391029,0x0bc529c00c6401aef6d220be8c6ea1667f6ad93e,0xba100000625a3754423978a60c9317c58a424e3d,YFI-BAL,avg_token_holding_share,0.24845528602600098,0.01368601806461811,0.019000183790922165,0.022461865097284317,0.029738841578364372,0.04175564646720886,0.0621839240193367,0.09029004722833633,0.10561046004295349,0.13690350949764252,0.0,10000
2022-03-15,14391029,0x0bc529c00c6401aef6d220be8c6ea1667f6ad93e,0xba100000625a3754423978a60c9317c58a424e3d,YFI-BAL,dir_share_token_a,0.24476604163646698,0.008294640108942986,0.012094124220311642,0.015299096703529358,0.02305995486676693,0.03566110134124756,0.05703629553318024,0.08477888256311417,0.12611708045005798,0.17075763642787933,0.0002,10000
2022-03-15,14391029,0x0bc529c00c6401aef6d220be8c6ea1667f6ad93e,0xba100000625a3754423978a60c9317c58a424e3d,YFI-BAL,dir_share_token_b,0.25214454531669617,0.007894539274275303,0.013186556287109852,0.016839077696204185,0.025346118956804276,0.03868110477924347,0.0633433386683464,0.11838269233703613,0.1560392677783966,0.20205441117286682,0.0014,10000
2022-03-15,14391029,0x0bc529c00c6401aef6d220be8c6ea1667f6ad93e,0xba100000625a3754423978a60c9317c58a424e3d,YFI-BAL,gini_token_holding_share,0.9947037577284394,0.9726040959358215,0.9783920049667358,0.9810306429862976,0.9844926595687866,0.9878931045532227,0.9912831783294678,0.9938963651657104,0.9946289658546448,0.9954411387443542,0.0452,10000
2022-03-15,14391029,0x4e3fbd56cd56c3e72c1403e103b45db9da5b9d2b,0x6b3595068778dd592e39a122f4f5a5cf09c90fe2,CVX-SUSHI,dir_share_token_b,0.06644044071435928,0.0005252189585007727,0.000868549628648907,0.0012090083910152316,0.0023613921366631985,0.004879748914390802,0.00970456562936306,0.02522364631295204,0.04651012271642685,0.2964385151863098,0.0177,10000
2022-03-15,14391029,0x6b3595068778dd592e39a122f4f5a5cf09c90fe2,0xba100000625a3754423978a60c9317c58a424e3d,SUSHI-BAL,avg_token_holding_share,0.2150857001543045,0.023847103118896484,0.03061326965689659,0.035276319831609726,0.04527198523283005,0.06310181319713593,0.09322863072156906,0.12989884614944458,0.17952874302864075,0.23593533039093018,0.0195,10000
2022-03-15,14391029,0x6b3595068778dd592e39a122f4f5a5cf09c90fe2,0xba100000625a3754423978a60c9317c58a424e3d,SUSHI-BAL,dir_share_token_a,0.16717083752155304,0.006185044068843126,0.009186300449073315,0.011367090046405792,0.016219226643443108,0.02645684778690338,0.04707612469792366,0.07421965897083282,0.12455372512340546,0.340295672416687,0.0482,10000
2022-03-15,14391029,0x6b3595068778dd592e39a122f4f5a5cf09c90fe2,0xba100000625a3754423978a60c9317c58a424e3d,SUSHI-BAL,dir_share_token_b,0.26300057768821716,0.028700940310955048,0.03921426087617874,0.04601973295211792,0.06132073327898979,0.08630134165287018,0.1388857513666153,0.19384410977363586,0.2263118475675583,0.2974494695663452,0.0222,10000
2022-03-15,14391029,0x4e3fbd56cd56c3e72c1403e103b45db9da5b9d2b,0xd533a949740bb3306d119cc777fa900ba034cd52,CVX-CRV,avg_token_holding_share,0.23707683384418488,0.0016922742361202836,0.0023117014206945896,0.0028339417185634375,0.004411565605551004,0.009221958927810192,0.04521486535668373,0.16941264271736145,0.202242910861969,0.2942310571670532,0.0207,10000
2022-03-15,14391029,0x4e3fbd56cd56c3e72c1403e103b45db9da5b9d2b,0xd533a949740bb3306d119cc777fa900ba034cd52,CVX-CRV,dir_share_token_a,0.45737001299858093,0.002515793312340975,0.0033024372532963753,0.004047802183777094,0.006241547409445047,0.011920743621885777,0.07320811599493027,0.24109406769275665,0.39932143688201904,0.5465211868286133,0.0179,10000
2022-03-15,14391029,0xba100000625a3754423978a60c9317c58a424e3d,0xd533a949740bb3306d119cc777fa900ba034cd52,BAL-CRV,dir_share_token_a,0.2461763173341751,0.015892375260591507,0.023647703230381012,0.02865246869623661,0.03948506712913513,0.057270415127277374,0.09632134437561035,0.15421698987483978,0.18483980000019073,0.2525750696659088,0.0117,10000
2022-03-15,14391029,0xba100000625a3754423978a60c9317c58a424e3d,0xd533a949740bb3306d119cc777fa900ba034cd52,BAL-CRV,median_token_value_usd,213.99752807617188,154.5742645263672,159.72645568847656,162.76173400878906,168.12380981445312,174.23036193847656,179.97747802734375,185.2917938232422,187.8781280517578,193.61500549316406,0.0,10000
2022-03-15,14391029,0x5a98fcbea516cf06857215779fd812ca3bef1b32,0xba100000625a3754423978a60c9317c58a424e3d,LDO-BAL,dir_share_token_b,0.16549983620643616,0.0002461879048496485,0.0005205035558901727,0.0009200295899063349,0.002894400618970394,0.007285964209586382,0.014463207684457302,0.028980456292629242,0.05571671947836876,0.13802027702331543,0.0014,10000
2022-03-15,14391029,0x5a98fcbea516cf06857215779fd812ca3bef1b32,0xba100000625a3754423978a60c9317c58a424e3d,LDO-BAL,median_token_value_usd,669.2971801757812,421.2319641113281,446.2399597167969,457.6929626464844,478.1958923339844,503.4615478515625,533.185302734375,555.7296142578125,572.637451171875,612.6432495117188,0.0006,10000
2022-03-15,14391029,0x5a98fcbea516cf06857215779fd812ca3bef1b32,0x92d6c1e31e14520e676a687f0a93788b716beff5,LDO-DYDX,median_token_value_usd,1579.5970458984375,723.8418579101562,791.637451171875,833.86328125,907.1519775390625,998.015625,1100.269775390625,1218.4180908203125,1290.9580078125,1408.17041015625,0.0,10000
2022-04-15,14589816,0x0bc529c00c6401aef6d220be8c6ea1667f6ad93e,0x7fc66500c84a76ad7e9c93437bfc5ac33e2ddae9,YFI-AAVE,avg_token_holding_share,0.27838826179504395,0.03145460784435272,0.04019259661436081,0.045976124703884125,0.05914711952209473,0.0781843289732933,0.10798310488462448,0.14199259877204895,0.1646190583705902,0.21068809926509857,0.0004,10000
2022-04-15,14589816,0x0bc529c00c6401aef6d220be8c6ea1667f6ad93e,0x7fc66500c84a76ad7e9c93437bfc5ac33e2ddae9,YFI-AAVE,dir_share_token_a,0.32423415780067444,0.04155348613858223,0.05467808246612549,0.06379789859056473,0.08368656039237976,0.11137097328901291,0.14824286103248596,0.19761429727077484,0.22594429552555084,0.2715775668621063,0.0006,10000
2022-04-15,14589816,0x0bc529c00c6401aef6d220be8c6ea1667f6ad93e,0x7fc66500c84a76ad7e9c93437bfc5ac33e2ddae9,YFI-AAVE,dir_share_token_b,0.23254238069057465,0.007758100517094135,0.010025538504123688,0.01188842486590147,0.017250943928956985,0.028989747166633606,0.06097908318042755,0.1343860924243927,0.1962432861328125,0.24992696940898895,0.0161,10000
2022-04-15,14589816,0x0bc529c00c6401aef6d220be8c6ea1667f6ad93e,0x7fc66500c84a76ad7e9c93437bfc5ac33e2ddae9,YFI-AAVE,median_token_value_usd,534.4970092773438,417.9742431640625,427.3993225097656,432.5328063964844,440.64892578125,450.1512451171875,460.14642333984375,469.73419189453125,475.6753845214844,485.5213928222656,0.0,10000
2022-04-15,14589816,0x0bc529c00c6401aef6d220be8c6ea1667f6ad93e,0x9f8f72aa9304c8b593d555f12ef6589cc3a579a2,YFI-MKR,avg_token_holding_share,0.19090688228607178,0.026444248855113983,0.0343526154756546,0.03917831927537918,0.05009835958480835,0.06552211195230484,0.08783034980297089,0.11970025300979614,0.1413608342409134,0.18157170712947845,0.007,10000
2022-04-15,14589816,0x0bc529c00c6401aef6d220be8c6ea1667f6ad93e,0x9f8f72aa9304c8b593d555f12ef6589cc3a579a2,YFI-MKR,dir_share_token_a,0.2580083906650543,0.02625873312354088,0.036696407943964005,0.04369059577584267,0.05925532430410385,0.08320550620555878,0.11446677148342133,0.15960556268692017,0.1893116980791092,0.23864321410655975,0.0048,10000
2022-04-15,14589816,0x0bc529c00c6401aef6d220be8c6ea1667f6ad93e,0x9f8f72aa9304c8b593d555f12ef6589cc3a579a2,YFI-MKR,median_token_value_usd,449.14398193359375,159.9991455078125,166.32577514648438,169.82176208496094,175.13848876953125,181.12432861328125,186.8493194580078,191.723876953125,194.19190979003906,198.83941650390625,0.0,10000
2022-04-15,14589816,0x0bc529c00c6401aef6d220be8c6ea1667f6ad93e,0x6b3595068778dd592e39a122f4f5a5cf09c90fe2,YFI-SUSHI,avg_token_holding_share,0.26935845613479614,0.027468431740999222,0.03554283082485199,0.040913112461566925,0.052453406155109406,0.06897774338722229,0.09246956557035446,0.12716636061668396,0.18923889100551605,0.24176350235939026,0.0033,10000
2022-04-15,14589816,0x0bc529c00c6401aef6d220be8c6ea1667f6ad93e,0x6b3595068778dd592e39a122f4f5a5cf09c90fe2,YFI-SUSHI,dir_share_token_a,0.28161150217056274,0.033482231199741364,0.04465559870004654,0.053139008581638336,0.07028982043266296,0.09610465914011002,0.13035854697227478,0.1800401210784912,0.208248570561409,0.2588924169540405,0.0034,10000
2022-04-15,14589816,0x0bc529c00c6401aef6d220be8c6ea1667f6ad93e,0xd533a949740bb3306d119cc777fa900ba034cd52,YFI-CRV,dir_share_token_a,0.257231205701828,0.01965368539094925,0.027484126389026642,0.03309980779886246,0.04620498791337013,0.06670306622982025,0.09391812980175018,0.13697905838489532,0.168244868516922,0.21547524631023407,0.0015,10000
2022-04-15,14589816,0x0bc529c00c6401aef6d220be8c6ea1667f6ad93e,0xd533a949740bb3306d119cc777fa900ba034cd52,YFI-CRV,median_token_value_usd,598.8427734375,330.1221923828125,338.8763122558594,344.324951171875,353.1846008300781,363.35870361328125,373.9040222167969,382.98382568359375,388.78289794921875,400.1741943359375,0.0,10000
2022-04-15,14589816,0x0bc529c00c6401aef6d220be8c6ea1667f6ad93e,0xba100000625a3754423978a60c9317c58a424e3d,YFI-BAL,avg_token_holding_share,0.2571743130683899,0.013050825335085392,0.018740033730864525,0.022313982248306274,0.02993396669626236,0.04152955859899521,0.06159524619579315,0.08961743116378784,0.10541219264268875,0.13716639578342438,0.0,10000
2022-04-15,14589816,0x0bc529c00c6401aef6d220be8c6ea1667f6ad93e,0xba100000625a3754423978a60c9317c58a424e3d,YFI-BAL,dir_share_token_a,0.25803595781326294,0.008170141838490963,0.011969884857535362,0.01522293221205473,0.022652216255664825,0.03584999218583107,0.056956931948661804,0.0829373151063919,0.11732254177331924,0.16796311736106873,0.0003,10000
2022-04-15,14589816,0x0bc529c00c6401aef6d220be8c6ea1667f6ad93e,0xba100000625a3754423978a60c9317c58a424e3d,YFI-BAL,dir_share_token_b,0.25631260871887207,0.00803048349916935,0.013171913102269173,0.017104728147387505,0.025165777653455734,0.038510698825120926,0.06376275420188904,0.1160411685705185,0.1571313887834549,0.19972743093967438,0.0016,10000
2022-04-15,14589816,0x0bc529c00c6401aef6d220be8c6ea1667f6ad93e,0xba100000625a3754423978a60c9317c58a424e3d,YFI-BAL,gini_token_holding_share,0.9946182509702343,0.971271276473999,0.9779093861579895,0.9806227087974548,0.9844618439674377,0.9880056381225586,0.9910674691200256,0.9937827587127686,0.9945992827415466,0.9954897165298462,0.0481,10000
2022-04-15,14589816,0x0bc529c00c6401aef6d220be8c6ea1667f6ad93e,0x5a98fcbea516cf06857215779fd812ca3bef1b32,YFI-LDO,dir_share_token_a,0.0909377932548523,0.0011378208873793483,0.0016627407167106867,0.0022916991729289293,0.004058852791786194,0.008567627519369125,0.018502388149499893,0.03694106265902519,0.04815414547920227,0.11768011748790741,0.0153,10000
2022-04-15,14589816,0x4e3fbd56cd56c3e72c1403e103b45db9da5b9d2b,0x6b3595068778dd592e39a122f4f5a5cf09c90fe2,CVX-SUSHI,dir_share_token_b,0.07556577026844025,0.0005447327275760472,0.0008988569024950266,0.0012335684150457382,0.0023710690438747406,0.005010021850466728,0.010061230510473251,0.022842079401016235,0.04631039500236511,0.2951004207134247,0.014,10000
2022-04-15,14589816,0x6b3595068778dd592e39a122f4f5a5cf09c90fe2,0xba100000625a3754423978a60c9317c58a424e3d,SUSHI-BAL,avg_token_holding_share,0.23743098974227905,0.023175470530986786,0.030729170888662338,0.03553144261240959,0.04547244310379028,0.0625363364815712,0.09303312003612518,0.1316666156053543,0.17832651734352112,0.23748065531253815,0.0101,10000
2022-04-15,14589816,0x6b3595068778dd592e39a122f4f5a5cf09c90fe2,0xba100000625a3754423978a60c9317c58a424e3d,SUSHI-BAL,dir_share_token_a,0.19365191459655762,0.006152863148599863,0.009003087878227234,0.01108489278703928,0.016372598707675934,0.025803592056035995,0.045446768403053284,0.07950158417224884,0.1384773552417755,0.3402206301689148,0.0488,10000
2022-04-15,14589816,0x6b3595068778dd592e39a122f4f5a5cf09c90fe2,0xba100000625a3754423978a60c9317c58a424e3d,SUSHI-BAL,dir_share_token_b,0.2812100052833557,0.028681915253400803,0.03981863334774971,0.04650155454874039,0.06145879626274109,0.08599130809307098,0.1365232914686203,0.19784344732761383,0.2288835644721985,0.29644298553466797,0.0148,10000
2022-04-15,14589816,0x4e3fbd56cd56c3e72c1403e103b45db9da5b9d2b,0xd533a949740bb3306d119cc777fa900ba034cd52,CVX-CRV,avg_token_holding_share,0.2919837534427643,0.001292811008170247,0.0016898249741643667,0.0020454167388379574,0.002980881603434682,0.007176656275987625,0.03821314126253128,0.14724300801753998,0.2642209529876709,0.3297196626663208,0.0149,10000
2022-04-15,14589816,0x4e3fbd56cd56c3e72c1403e103b45db9da5b9d2b,0xd533a949740bb3306d119cc777fa900ba034cd52,CVX-CRV,dir_share_token_a,0.5626300573348999,0.0016642996342852712,0.002205907367169857,0.002621864899992943,0.003784843487665057,0.0072050318121910095,0.0410485714673996,0.2288886308670044,0.5249565839767456,0.6481974124908447,0.0135,10000
2022-04-15,14589816,0xba100000625a3754423978a60c9317c58a424e3d,0xd533a949740bb3306d119cc777fa900ba034cd52,BAL-CRV,dir_share_token_a,0.2615441679954529,0.01708955131471157,0.02378964237868786,0.0292737428098917,0.04018638655543327,0.05931471660733223,0.09823188185691833,0.15889176726341248,0.18885478377342224,0.2536463737487793,0.0078,10000
2022-04-15,14589816,0xba100000625a3754423978a60c9317c58a424e3d,0xd533a949740bb3306d119cc777fa900ba034cd52,BAL-CRV,median_token_value_usd,243.0634002685547,186.05538940429688,192.4265594482422,195.93150329589844,201.80215454101562,208.38623046875,213.7627716064453,219.43661499023438,222.52041625976562,225.65158081054688,0.0,10000
2022-04-15,14589816,0x5a98fcbea516cf06857215779fd812ca3bef1b32,0xba100000625a3754423978a60c9317c58a424e3d,LDO-BAL,dir_share_token_b,0.17144176363945007,0.0003555422299541533,0.0007869515684433281,0.0013479262124747038,0.0034465519711375237,0.008041128516197205,0.015591349452733994,0.03162283077836037,0.05451594665646553,0.1407187283039093,0.0007,10000
2022-04-15,14589816,0x5a98fcbea516cf06857215779fd812ca3bef1b32,0xba100000625a3754423978a60c9317c58a424e3d,LDO-BAL,median_token_value_usd,770.3120727539062,464.8894958496094,492.92291259765625,508.1495056152344,530.4090576171875,556.8549194335938,587.57958984375,614.1854248046875,632.3018188476562,674.25830078125,0.0003,10000
2022-05-15,14779829,0x0bc529c00c6401aef6d220be8c6ea1667f6ad93e,0x7fc66500c84a76ad7e9c93437bfc5ac33e2ddae9,YFI-AAVE,avg_token_holding_share,0.2774217128753662,0.030789095908403397,0.04064613953232765,0.0468832403421402,0.059108443558216095,0.07877713441848755,0.11070772260427475,0.1424366980791092,0.16073298454284668,0.201199471950531,0.0002,10000
2022-05-15,14779829,0x0bc529c00c6401aef6d220be8c6ea1667f6ad93e,0x7fc66500c84a76ad7e9c93437bfc5ac33e2ddae9,YFI-AAVE,dir_share_token_a,0.33177584409713745,0.038598403334617615,0.054396990686655045,0.0641256719827652,0.08498527109622955,0.11198705434799194,0.1496138870716095,0.19575440883636475,0.22514720261096954,0.2710581123828888,0.0007,10000
2022-05-15,14779829,0x0bc529c00c6401aef6d220be8c6ea1667f6ad93e,0x7fc66500c84a76ad7e9c93437bfc5ac33e2ddae9,YFI-AAVE,dir_share_token_b,0.22306759655475616,0.008201955817639828,0.010984557680785656,0.012975200079381466,0.01830698736011982,0.02955523133277893,0.05793524533510208,0.149989515542984,0.17598094046115875,0.2501445710659027,0.0137,10000
2022-05-15,14779829,0x0bc529c00c6401aef6d220be8c6ea1667f6ad93e,0x7fc66500c84a76ad7e9c93437bfc5ac33e2ddae9,YFI-AAVE,median_token_value_usd,279.7808837890625,223.0247802734375,227.7014923095703,230.28396606445312,234.70042419433594,239.88450622558594,245.23574829101562,250.21018981933594,253.34422302246094,259.6581726074219,0.0,10000
2022-05-15,14779829,0x0bc529c00c6401aef6d220be8c6ea1667f6ad93e,0x9f8f72aa9304c8b593d555f12ef6589cc3a579a2,YFI-MKR,avg_token_holding_share,0.20507360994815826,0.025616677477955818,0.034415751695632935,0.03965601697564125,0.05006206035614014,0.06490316987037659,0.08715885132551193,0.11938796192407608,0.14112569391727448,0.17999596893787384,0.0024,10000
2022-05-15,14779829,0x0bc529c00c6401aef6d220be8c6ea1667f6ad93e,0x9f8f72aa9304c8b593d555f12ef6589cc3a579a2,YFI-MKR,dir_share_token_a,0.2698304355144501,0.024394195526838303,0.03579059988260269,0.04365566000342369,0.06030219420790672,0.08336980640888214,0.11354213953018188,0.16060563921928406,0.18948687613010406,0.2326190173625946,0.0021,10000
2022-05-15,14779829,0x0bc529c00c6401aef6d220be8c6ea1667f6ad93e,0x9f8f72aa9304c8b593d555f12ef6589cc3a579a2,YFI-MKR,median_token_value_usd,286.14508056640625,102.63278198242188,105.96613311767578,107.49931335449219,110.63787078857422,114.11043548583984,117.83092498779297,121.01115417480469,122.85939025878906,127.05197143554688,0.0,10000
2022-05-15,14779829,0x0bc529c00c6401aef6d220be8c6ea1667f6ad93e,0x6b3595068778dd592e39a122f4f5a5cf09c90fe2,YFI-SUSHI,avg_token_holding_share,0.2766587734222412,0.027956001460552216,0.0363260842859745,0.042051732540130615,0.053719133138656616,0.07021182775497437,0.09284237772226334,0.12756069004535675,0.18018944561481476,0.23316307365894318,0.0011,10000
2022-05-15,14779829,0x0bc529c00c6401aef6d220be8c6ea1667f6ad93e,0x6b3595068778dd592e39a122f4f5a5cf09c90fe2,YFI-SUSHI,dir_share_token_a,0.28508326411247253,0.0315876379609108,0.045502930879592896,0.05391388013958931,0.07173900306224823,0.09721995890140533,0.13059908151626587,0.17599892616271973,0.20616775751113892,0.25633567571640015,0.0024,10000
2022-05-15,14779829,0x0bc529c00c6401aef6d220be8c6ea1667f6ad93e,0xd533a949740bb3306d119cc777fa900ba034cd52,YFI-CRV,dir_share_token_a,0.2699395418167114,0.01727057434618473,0.026949800550937653,0.033560801297426224,0.047914810478687286,0.06889772415161133,0.09675820916891098,0.1393616944551468,0.1687888205051422,0.21362288296222687,0.0006,10000
2022-05-15,14779829,0x0bc529c00c6401aef6d220be8c6ea1667f6ad93e,0xd533a949740bb3306d119cc777fa900ba034cd52,YFI-CRV,median_token_value_usd,340.4029235839844,206.21286010742188,212.116943359375,215.097412109375,220.58676147460938,226.5897674560547,232.91668701171875,238.83641052246094,242.13677978515625,248.7530059814453,0.0,10000
2022-05-15,14779829,0x0bc529c00c6401aef6d220be8c6ea1667f6ad93e,0xba100000625a3754423978a60c9317c58a424e3d,YFI-BAL,avg_token_holding_share,0.28818705677986145,0.01255455706268549,0.017799189314246178,0.021383831277489662,0.02938651293516159,0.04165217652916908,0.06113448739051819,0.09087178856134415,0.11066194623708725,0.14510934054851532,0.0,10000
2022-05-15,14779829,0x0bc529c00c6401aef6d220be8c6ea1667f6ad93e,0xba100000625a3754423978a60c9317c58a424e3d,YFI-BAL,dir_share_token_a,0.3063547611236572,0.006295670755207539,0.009705495089292526,0.01335875503718853,0.022418687120079994,0.03763071820139885,0.05836085230112076,0.08362378180027008,0.11669027805328369,0.16203229129314423,0.0,10000
2022-05-15,14779829,0x0bc529c00c6401aef6d220be8c6ea1667f6ad93e,0xba100000625a3754423978a60c9317c58a424e3d,YFI-BAL,dir_share_token_b,0.2700193524360657,0.007291377987712622,0.012606224045157433,0.01619645580649376,0.02362620085477829,0.03708571195602417,0.06332768499851227,0.11347414553165436,0.17546449601650238,0.22382931411266327,0.0029,10000
2022-05-15,14779829,0x0bc529c00c6401aef6d220be8c6ea1667f6ad93e,0x5a98fcbea516cf06857215779fd812ca3bef1b32,YFI-LDO,dir_share_token_a,0.10573183000087738,0.0012335963547229767,0.0017305759247392416,0.002219649264588952,0.00386280519887805,0.01058876421302557,0.022544384002685547,0.03814797103404999,0.05173336714506149,0.11680448055267334,0.0187,10000
2022-05-15,14779829,0x4e3fbd56cd56c3e72c1403e103b45db9da5b9d2b,0x6b3595068778dd592e39a122f4f5a5cf09c90fe2,CVX-SUSHI,dir_share_token_b,0.08661045879125595,0.0005986763862892985,0.000983817153610289,0.0013312204973772168,0.002403887687250972,0.005335520952939987,0.010600518435239792,0.02859710529446602,0.042058512568473816,0.2751387059688568,0.0142,10000
2022-05-15,14779829,0x6b3595068778dd592e39a122f4f5a5cf09c90fe2,0xba100000625a3754423978a60c9317c58a424e3d,SUSHI-BAL,avg_token_holding_share,0.23520004749298096,0.02210860885679722,0.02941739745438099,0.03457774594426155,0.045074254274368286,0.06384825706481934,0.0949154943227768,0.13967713713645935,0.17475900053977966,0.22980211675167084,0.0085,10000
2022-05-15,14779829,0x6b3595068778dd592e39a122f4f5a5cf09c90fe2,0xba100000625a3754423978a60c9317c58a424e3d,SUSHI-BAL,dir_share_token_a,0.1959550678730011,0.0059788343496620655,0.008854246698319912,0.010958719067275524,0.015995286405086517,0.02603881061077118,0.0492892749607563,0.08069487661123276,0.1245681643486023,0.323781818151474,0.0456,10000
2022-05-15,14779829,0x6b3595068778dd592e39a122f4f5a5cf09c90fe2,0xba100000625a3754423978a60c9317c58a424e3d,SUSHI-BAL,dir_share_token_b,0.2744450271129608,0.027593225240707397,0.03741455078125,0.04425806924700737,0.05936924368143082,0.0861896350979805,0.13898015022277832,0.21105846762657166,0.24866753816604614,0.31609198451042175,0.0311,10000
2022-05-15,14779829,0x4e3fbd56cd56c3e72c1403e103b45db9da5b9d2b,0xd533a949740bb3306d119cc777fa900ba034cd52,CVX-CRV,avg_token_holding_share,0.31178396940231323,0.001319817267358303,0.0017324633663520217,0.002080501988530159,0.003074654610827565,0.006453456357121468,0.03735766187310219,0.15539607405662537,0.2810472249984741,0.3372570276260376,0.0146,10000
2022-05-15,14779829,0x4e3fbd56cd56c3e72c1403e103b45db9da5b9d2b,0xd533a949740bb3306d119cc777fa900ba034cd52,CVX-CRV,dir_share_token_a,0.6014108061790466,0.0017148808110505342,0.0022131388541311026,0.0026071942411363125,0.003720911219716072,0.00776625843718648,0.042614974081516266,0.21354079246520996,0.5590406656265259,0.6689395904541016,0.0121,10000
2022-05-15,14779829,0xba100000625a3754423978a60c9317c58a424e3d,0xd533a949740bb3306d119cc777fa900ba034cd52,BAL-CRV,dir_share_token_a,0.2693028450012207,0.015991056337952614,0.023450706154108047,0.02838965691626072,0.038882579654455185,0.057517483830451965,0.09741119295358658,0.16308626532554626,0.2064853012561798,0.2795718014240265,0.0125,10000
2022-05-15,14779829,0xba100000625a3754423978a60c9317c58a424e3d,0xd533a949740bb3306d119cc777fa900ba034cd52,BAL-CRV,median_token_value_usd,152.875732421875,123.66901397705078,128.06268310546875,130.7622833251953,134.53115844726562,138.547119140625,142.67233276367188,145.79470825195312,147.78109741210938,151.01365661621094,0.0033,10000
2022-05-15,14779829,0x5a98fcbea516cf06857215779fd812ca3bef1b32,0xba100000625a3754423978a60c9317c58a424e3d,LDO-BAL,avg_token_holding_share,0.12853068113327026,0.0038446004036813974,0.006283291149884462,0.00812354777008295,0.012526767328381538,0.02193918451666832,0.03957757353782654,0.06446445733308792,0.09674374759197235,0.12664125859737396,0.0092,10000
2022-05-15,14779829,0x5a98fcbea516cf06857215779fd812ca3bef1b32,0xba100000625a3754423978a60c9317c58a424e3d,LDO-BAL,dir_share_token_b,0.21726557612419128,0.0004112561873625964,0.0009290602174587548,0.0017102143028751016,0.003946617245674133,0.008567978627979755,0.016257507726550102,0.03712787106633186,0.07586172223091125,0.16590498387813568,0.0009,10000
2022-05-15,14779829,0x5a98fcbea516cf06857215779fd812ca3bef1b32,0xba100000625a3754423978a60c9317c58a424e3d,LDO-BAL,median_token_value_usd,372.78179931640625,196.45401000976562,212.0952606201172,220.76219177246094,234.3287353515625,248.2962646484375,260.198974609375,272.421875,279.84735107421875,295.11810302734375,0.0,10000
2022-05-15,14779829,0x5a98fcbea516cf06857215779fd812ca3bef1b32,0x6f40d4a6237c257fff2db00fa0510deeecd303eb,LDO-INST,avg_token_holding_share,0.03826742619276047,0.00011811205331468955,0.0002133374073309824,0.0003265616833232343,0.0007673779036849737,0.002793397754430771,0.008702784776687622,0.022973431274294853,0.02890619821846485,0.21839594841003418,0.0309,10000
2022-05-15,14779829,0x5a98fcbea516cf06857215779fd812ca3bef1b32,0x6f40d4a6237c257fff2db00fa0510deeecd303eb,LDO-INST,dir_share_token_b,0.06733328849077225,0.00011417634959798306,0.00019603324471972883,0.00028389491490088403,0.000656719203107059,0.002261150162667036,0.011555150151252747,0.03782624751329422,0.04918637126684189,0.43578869104385376,0.022,10000
2022-06-15,14967365,0x0bc529c00c6401aef6d220be8c6ea1667f6ad93e,0x7fc66500c84a76ad7e9c93437bfc5ac33e2ddae9,YFI-AAVE,avg_token_holding_share,0.28378063440322876,0.03312161937355995,0.04253106191754341,0.04842081665992737,0.060403939336538315,0.07727101445198059,0.11307409405708313,0.1451663076877594,0.16440455615520477,0.20824983716011047,0.0003,10000
2022-06-15,14967365,0x0bc529c00c6401aef6d220be8c6ea1667f6ad93e,0x7fc66500c84a76ad7e9c93437bfc5ac33e2ddae9,YFI-AAVE,dir_share_token_a,0.33252838253974915,0.04218780994415283,0.05878942087292671,0.06824661791324615,0.08651044964790344,0.11140547692775726,0.14294064044952393,0.21512512862682343,0.2489701807498932,0.2914135158061981,0.0014,10000
2022-06-15,14967365,0x0bc529c00c6401aef6d220be8c6ea1667f6ad93e,0x7fc66500c84a76ad7e9c93437bfc5ac33e2ddae9,YFI-AAVE,dir_share_token_b,0.23503288626670837,0.008433474227786064,0.011442332528531551,0.013541722670197487,0.018412763252854347,0.02879421040415764,0.05785983055830002,0.14937517046928406,0.17241553962230682,0.2571151852607727,0.0145,10000
2022-06-15,14967365,0x0bc529c00c6401aef6d220be8c6ea1667f6ad93e,0x7fc66500c84a76ad7e9c93437bfc5ac33e2ddae9,YFI-AAVE,median_token_value_usd,173.26470947265625,139.955322265625,142.67755126953125,144.239013671875,146.91494750976562,149.9755859375,153.17138671875,156.25924682617188,158.00526428222656,160.91781616210938,0.0,10000
2022-06-15,14967365,0x0bc529c00c6401aef6d220be8c6ea1667f6ad93e,0x9f8f72aa9304c8b593d555f12ef6589cc3a579a2,YFI-MKR,avg_token_holding_share,0.1957048922777176,0.027412742376327515,0.03561188280582428,0.040947381407022476,0.05058244988322258,0.06371511518955231,0.08370880037546158,0.12382782995700836,0.1410316377878189,0.17682097852230072,0.0048,10000
2022-06-15,14967365,0x0bc529c00c6401aef6d220be8c6ea1667f6ad93e,0x9f8f72aa9304c8b593d555f12ef6589cc3a579a2,YFI-MKR,dir_share_token_a,0.2523682713508606,0.02609146200120449,0.037955962121486664,0.045548249036073685,0.06039357930421829,0.08013304322957993,0.10591007024049759,0.15255393087863922,0.20994549989700317,0.25397178530693054,0.011,10000
2022-06-15,14967365,0x0bc529c00c6401aef6d220be8c6ea1667f6ad93e,0x9f8f72aa9304c8b593d555f12ef6589cc3a579a2,YFI-MKR,median_token_value_usd,144.95794677734375,52.89788818359375,54.46613693237305,55.399654388427734,57.04645538330078,58.78978729248047,60.5988655090332,62.357269287109375,63.48885726928711,65.70368957519531,0.0,10000
2022-06-15,14967365,0x0bc529c00c6401aef6d220be8c6ea1667f6ad93e,0x6b3595068778dd592e39a122f4f5a5cf09c90fe2,YFI-SUSHI,avg_token_holding_share,0.2902730703353882,0.02925758808851242,0.03787325695157051,0.043316662311553955,0.0538141131401062,0.06867915391921997,0.09163456410169601,0.13649679720401764,0.18148648738861084,0.22611285746097565,0.0004,10000
2022-06-15,14967365,0x0bc529c00c6401aef6d220be8c6ea1667f6ad93e,0x6b3595068778dd592e39a122f4f5a5cf09c90fe2,YFI-SUSHI,dir_share_token_a,0.2803307771682739,0.03565078228712082,0.04808001220226288,0.05640333890914917,0.07279383391141891,0.09499114006757736,0.12371598184108734,0.19134554266929626,0.2283274531364441,0.26925382018089294,0.0059,10000
2022-06-15,14967365,0x0bc529c00c6401aef6d220be8c6ea1667f6ad93e,0x6b3595068778dd592e39a122f4f5a5cf09c90fe2,YFI-SUSHI,dir_share_token_b,0.30021536350250244,0.008294593542814255,0.012347045354545116,0.015212010592222214,0.0212711114436388,0.03310520201921463,0.05561508983373642,0.09128871560096741,0.2863263487815857,0.3286236524581909,0.029,10000
2022-06-15,14967365,0x0bc529c00c6401aef6d220be8c6ea1667f6ad93e,0xd533a949740bb3306d119cc777fa900ba034cd52,YFI-CRV,dir_share_token_a,0.2749275267124176,0.020659592002630234,0.030285101383924484,0.036597128957509995,0.05056510865688324,0.06875357031822205,0.09213878214359283,0.13224941492080688,0.19501060247421265,0.23755335807800293,0.0012,10000
2022-06-15,14967365,0x0bc529c00c6401aef6d220be8c6ea1667f6ad93e,0xd533a949740bb3306d119cc777fa900ba034cd52,YFI-CRV,median_token_value_usd,173.34078979492188,104.37762451171875,107.2498550415039,108.92538452148438,111.63323974609375,114.67112731933594,117.80777740478516,120.76477813720703,122.68115234375,126.76506805419922,0.0,10000
2022-06-15,14967365,0x0bc529c00c6401aef6d220be8c6ea1667f6ad93e,0xba100000625a3754423978a60c9317c58a424e3d,YFI-BAL,avg_token_holding_share,0.3603888154029846,0.012257169932126999,0.01780935563147068,0.02143624611198902,0.0281485915184021,0.0385248064994812,0.05380471050739288,0.0980234295129776,0.1318826526403427,0.16907000541687012,0.0,10000
2022-06-15,14967365,0x0bc529c00c6401aef6d220be8c6ea1667f6ad93e,0xba100000625a3754423978a60c9317c58a424e3d,YFI-BAL,dir_share_token_a,0.40276259183883667,0.007282822392880917,0.011197621002793312,0.014952126890420914,0.023923829197883606,0.03757133707404137,0.05479831248521805,0.07749982178211212,0.14320875704288483,0.19158607721328735,0.0,10000
2022-06-15,14967365,0x0bc529c00c6401aef6d220be8c6ea1667f6ad93e,0xba100000625a3754423978a60c9317c58a424e3d,YFI-BAL,dir_share_token_b,0.31801506876945496,0.007853025570511818,0.012344327755272388,0.015543718822300434,0.02204824984073639,0.033163830637931824,0.0519828200340271,0.1091734990477562,0.22820915281772614,0.2776990532875061,0.0029,10000
2022-06-15,14967365,0x0bc529c00c6401aef6d220be8c6ea1667f6ad93e,0xba100000625a3754423978a60c9317c58a424e3d,YFI-BAL,gini_token_holding_share,0.9957229507240527,0.9692760109901428,0.9773458242416382,0.9801933169364929,0.9840127825737,0.987247109413147,0.9899908900260925,0.9945436716079712,0.9956015348434448,0.9965546131134033,0.0484,10000
2022-06-15,14967365,0x0bc529c00c6401aef6d220be8c6ea1667f6ad93e,0x5a98fcbea516cf06857215779fd812ca3bef1b32,YFI-LDO,avg_token_holding_share,0.12301615625619888,0.0052418881095945835,0.008251039311289787,0.010733597911894321,0.016469331458210945,0.027243247255682945,0.04392782226204872,0.06838061660528183,0.09655781090259552,0.130756676197052,0.0156,10000
2022-06-15,14967365,0x0bc529c00c6401aef6d220be8c6ea1667f6ad93e,0x5a98fcbea516cf06857215779fd812ca3bef1b32,YFI-LDO,dir_share_token_a,0.19496376812458038,0.0014830039581283927,0.002090176334604621,0.002694553229957819,0.004933100659400225,0.012286484241485596,0.022140923887491226,0.035611916333436966,0.04521237686276436,0.14599329233169556,0.0004,10000
2022-06-15,14967365,0x4e3fbd56cd56c3e72c1403e103b45db9da5b9d2b,0x6b3595068778dd592e39a122f4f5a5cf09c90fe2,CVX-SUSHI,dir_share_token_b,0.12398995459079742,0.000695356517098844,0.00120439229067415,0.0016287689795717597,0.0030080298893153667,0.005891143344342709,0.011919470503926277,0.02787908911705017,0.04635694622993469,0.27517592906951904,0.0148,10000
2022-06-15,14967365,0x6b3595068778dd592e39a122f4f5a5cf09c90fe2,0xba100000625a3754423978a60c9317c58a424e3d,SUSHI-BAL,avg_token_holding_share,0.2825060188770294,0.02242821641266346,0.029266195371747017,0.033629149198532104,0.04269828647375107,0.056809425354003906,0.0899437665939331,0.16144153475761414,0.18426375091075897,0.24419383704662323,0.0052,10000
2022-06-15,14967365,0x6b3595068778dd592e39a122f4f5a5cf09c90fe2,0xba100000625a3754423978a60c9317c58a424e3d,SUSHI-BAL,dir_share_token_a,0.2534562349319458,0.006483296863734722,0.009451878257095814,0.011874672956764698,0.017058400437235832,0.026603560894727707,0.04687881097197533,0.0791972354054451,0.12353058904409409,0.3179418444633484,0.046,10000
2022-06-15,14967365,0x6b3595068778dd592e39a122f4f5a5cf09c90fe2,0xba100000625a3754423978a60c9317c58a424e3d,SUSHI-BAL,dir_share_token_b,0.31155577301979065,0.026701966300606728,0.03659265488386154,0.04285426810383797,0.055730391293764114,0.07702186703681946,0.1157405823469162,0.26036038994789124,0.29657989740371704,0.3654026985168457,0.0326,10000
2022-06-15,14967365,0x4e3fbd56cd56c3e72c1403e103b45db9da5b9d2b,0xd533a949740bb3306d119cc777fa900ba034cd52,CVX-CRV,avg_token_holding_share,0.3294500708580017,0.0014950941549614072,0.0019182374235242605,0.002254527062177658,0.0032329941168427467,0.007195189595222473,0.041648827493190765,0.15535448491573334,0.2886636257171631,0.34795108437538147,0.0145,10000
2022-06-15,14967365,0x4e3fbd56cd56c3e72c1403e103b45db9da5b9d2b,0xd533a949740bb3306d119cc777fa900ba034cd52,CVX-CRV,dir_share_token_a,0.6232477426528931,0.001956320134922862,0.002476336667314172,0.002852469449862838,0.0039383405819535255,0.0073689911514520645,0.03680583834648132,0.2113880068063736,0.5737922191619873,0.6795781850814819,0.0133,10000
2022-06-15,14967365,0xba100000625a3754423978a60c9317c58a424e3d,0xd533a949740bb3306d119cc777fa900ba034cd52,BAL-CRV,avg_token_holding_share,0.1905558705329895,0.012221524491906166,0.01710375025868416,0.020214764401316643,0.02713380940258503,0.03862382099032402,0.0706292986869812,0.16327570378780365,0.18411122262477875,0.25123339891433716,0.0396,10000
2022-06-15,14967365,0xba100000625a3754423978a60c9317c58a424e3d,0xd533a949740bb3306d119cc777fa900ba034cd52,BAL-CRV,dir_share_token_a,0.31616899371147156,0.016221478581428528,0.02353481762111187,0.02847212925553322,0.037839535623788834,0.053584985435009,0.08151683211326599,0.17724525928497314,0.26331502199172974,0.313232421875,0.0092,10000
2022-06-15,14967365,0xba100000625a3754423978a60c9317c58a424e3d,0xd533a949740bb3306d119cc777fa900ba034cd52,BAL-CRV,median_token_value_usd,76.55603790283203,62.47394943237305,64.5191650390625,65.67252349853516,67.71815490722656,69.810791015625,71.9210433959961,73.54874420166016,74.67318725585938,76.55809783935547,0.0106,10000
2022-06-15,14967365,0x5a98fcbea516cf06857215779fd812ca3bef1b32,0xba100000625a3754423978a60c9317c58a424e3d,LDO-BAL,avg_token_holding_share,0.1589621603488922,0.003748428076505661,0.00632286025211215,0.008388201706111431,0.013020032085478306,0.02211683988571167,0.039231281727552414,0.06624805182218552,0.09863589704036713,0.1410500407218933,0.0035,10000
2022-06-15,14967365,0x5a98fcbea516cf06857215779fd812ca3bef1b32,0xba100000625a3754423978a60c9317c58a424e3d,LDO-BAL,dir_share_token_b,0.2715519070625305,0.0005148086347617209,0.0011594443349167705,0.0019919194746762514,0.004367733374238014,0.008900938555598259,0.015681331977248192,0.031058667227625847,0.04980913922190666,0.23200637102127075,0.0006,10000
2022-06-15,14967365,0x5a98fcbea516cf06857215779fd812ca3bef1b32,0xba100000625a3754423978a60c9317c58a424e3d,LDO-BAL,median_token_value_usd,139.50686645507812,81.87771606445312,87.96543884277344,91.41151428222656,96.77777862548828,102.38951110839844,107.54549407958984,112.1083984375,115.41254425048828,121.44844818115234,0.0001,10000
2022-06-15,14967365,0xba100000625a3754423978a60c9317c58a424e3d,0xc0c293ce456ff0ed870add98a0828dd4d2903dbf,BAL-AURA,dir_share_token_a,0.0003797801036853343,3.6079470078220766e-08,1.4470862197413226e-07,2.62937788875206e-07,6.44251485937275e-07,1.6422728776888107e-06,5.851066816831008e-06,3.636947803897783e-05,0.00020857338677160442,0.005323903635144234,0.0406,10000
2022-06-15,14967365,0x5a98fcbea516cf06857215779fd812ca3bef1b32,0x6f40d4a6237c257fff2db00fa0510deeecd303eb,LDO-INST,avg_token_holding_share,0.03708679974079132,0.00011605312465690076,0.00021061654842924327,0.0003204559616278857,0.0008361312793567777,0.0029235919937491417,0.008781512267887592,0.02475670538842678,0.029952367767691612,0.21995799243450165,0.0357,10000
2022-06-15,14967365,0x5a98fcbea516cf06857215779fd812ca3bef1b32,0x6f40d4a6237c257fff2db00fa0510deeecd303eb,LDO-INST,dir_share_token_b,0.06620750576257706,0.0001088454810087569,0.00019703907310031354,0.0002829976729117334,0.0006952185649424791,0.002740373369306326,0.011975890025496483,0.04087066277861595,0.051344193518161774,0.4369639456272125,0.027,10000
2022-06-15,14967365,0x4e3fbd56cd56c3e72c1403e103b45db9da5b9d2b,0xc0c293ce456ff0ed870add98a0828dd4d2903dbf,CVX-AURA,dir_share_token_a,0.00011862605606438592,0.0,9.349676726735055e-17,1.4637596024158483e-08,2.4334156023542164e-07,1.2684151897701668e-06,4.9659438445814885e-06,1.634774343983736e-05,4.380128302727826e-05,0.00033553162938915193,0.0242,10000
2022-06-15,14967365,0x6f40d4a6237c257fff2db00fa0510deeecd303eb,0xc0c293ce456ff0ed870add98a0828dd4d2903dbf,INST-AURA,gini_token_holding_share,0.7397045694885097,0.0,0.0,0.0,0.0,0.0,0.11490119248628616,0.4820393919944763,0.4999980032444,0.6651044487953186,0.0032,10000
